tweetid,lang,Country,hatespeech,sentiment_score_round,category_text,verified,Misinformation,misinformation_source_url
546362165175648256,en,,0,positive,sexism,FALSE,,
572329328664448960,en,United States,1,neutral,none,FALSE,,
466599362081333248,en,,0,neutral,sexism,FALSE,,
564908069126414336,en,,0,neutral,sexism,FALSE,,
571130932305879040,und,,1,neutral,none,FALSE,,
549674742999834560,en,,0,neutral,sexism,FALSE,,
428647157478850560,en,,0,positive,sexism,FALSE,,
573020985974124480,en,United States,1,neutral,none,TRUE,,
564632013966020608,en,United States,1,positive,none,TRUE,,
572354833199439936,en,,0,neutral,sexism,FALSE,,
575948250210942976,en,,1,positive,none,FALSE,,
566638139083476992,en,,0,strongly positive,sexism,FALSE,,
382350622411874304,en,,0,positive,sexism,FALSE,,
575728442898956224,en,United States,1,positive,none,TRUE,,
575969211446534080,en,Bangladesh,1,neutral,none,FALSE,,
570234095508307968,en,,0,positive,sexism,FALSE,,
575596744584511424,en,Australia,1,neutral,none,FALSE,,
563313417508094016,es,,0,neutral,sexism,FALSE,,
416973522364149760,en,,0,neutral,sexism,FALSE,,
398112706722422784,en,,0,negative,sexism,FALSE,,
572329120689864704,en,,0,neutral,sexism,FALSE,,
571499576152231936,en,,0,negative,sexism,FALSE,,
515500962136350720,en,,1,neutral,none,FALSE,,
396088923832610816,en,,0,neutral,sexism,FALSE,,
575682770086817792,en,,0,positive,sexism,TRUE,,
563240804324372480,en,,1,neutral,none,TRUE,,
575634944061394880,en,,1,neutral,none,FALSE,,
572328785925693440,en,,1,negative,none,FALSE,,
575605289317068800,en,Australia,1,positive,none,FALSE,,
547773883651477504,en,,1,negative,none,FALSE,,
570978100042821632,en,,1,neutral,none,TRUE,,
563308869867556864,en,,0,neutral,sexism,FALSE,,
563042679257587712,en,,1,neutral,none,TRUE,,
416973461097967616,en,,0,negative,sexism,FALSE,,
573404295493644224,en,,1,neutral,none,TRUE,,
425484182941216768,en,,1,neutral,none,FALSE,,
439144518265237504,en,,0,neutral,sexism,FALSE,,
563771680397332480,es,,1,neutral,none,TRUE,,
554067736179924992,en,,0,neutral,sexism,FALSE,,
572863931082924032,en,,0,neutral,sexism,FALSE,,
565609604743430080,en,,0,neutral,sexism,FALSE,,
563034427044134912,en,,0,neutral,sexism,FALSE,,
461076562830319616,en,,0,neutral,sexism,FALSE,,
572335482618556416,en,,1,neutral,none,FALSE,,
572331154885357568,en,,1,neutral,none,FALSE,,
396088251326283776,en,,0,neutral,sexism,FALSE,,
415245642995224576,en,,0,neutral,sexism,FALSE,,
543517946589761536,en,,0,neutral,sexism,FALSE,,
575980335751569408,en,,0,neutral,sexism,FALSE,,
575972676516257792,tl,,0,neutral,sexism,FALSE,,
572328670657835008,en,,0,neutral,sexism,FALSE,,
529703145321291776,en,,1,positive,none,FALSE,,
489514889195446336,en,,0,neutral,sexism,FALSE,,
572342736973537280,en,,1,neutral,none,FALSE,,
575607862057123840,en,,1,neutral,none,FALSE,,
527213813037543360,en,,1,neutral,none,FALSE,,
383627997950910464,en,,0,neutral,sexism,FALSE,,
572337985980538880,en,,1,neutral,none,FALSE,,
572337067436351424,en,,0,neutral,sexism,FALSE,,
562763513631109120,en,,1,neutral,none,TRUE,,
575596751224078336,en,,0,negative,sexism,FALSE,,
572336044118429696,en,,1,neutral,none,FALSE,,
469986660722040832,en,,0,neutral,sexism,FALSE,,
575991959191314432,en,,1,negative,none,FALSE,,
564183620990947264,en,,0,neutral,sexism,FALSE,,
420632216406720512,en,,0,neutral,sexism,FALSE,,
575597159904510016,en,,0,neutral,sexism,FALSE,,
572329874351759360,en,,0,neutral,sexism,FALSE,,
572336406053322816,en,,0,neutral,sexism,FALSE,,
575990664476778496,en,,1,neutral,none,FALSE,,
575596979788492800,en,,0,neutral,sexism,FALSE,,
576446999576354816,en,,1,neutral,none,FALSE,,
568212707331018816,en,,1,negative,none,TRUE,,
575643836631900160,en,,0,neutral,sexism,FALSE,,
515673580961411136,en,,0,negative,sexism,FALSE,,
410576547293048832,en,,0,negative,sexism,FALSE,,
425484027538059264,en,,0,positive,sexism,FALSE,,
568860629819195392,en,,1,neutral,none,TRUE,,
523254872171245568,en,,1,neutral,none,FALSE,,
573389271437983680,en,,1,neutral,none,TRUE,,
563808436521938880,en,,1,negative,none,TRUE,,
573954591814873024,en,,1,negative,none,TRUE,,
567090838153347136,en,,1,neutral,none,TRUE,,
575635292935221248,en,,1,neutral,none,FALSE,,
446467160429170624,en,,0,neutral,sexism,FALSE,,
524684792483549184,en,,0,negative,sexism,FALSE,,
569901101165621248,en,,1,neutral,none,TRUE,,
575604758511222784,en,,1,neutral,none,FALSE,,
527604653044006912,en,,1,neutral,none,FALSE,,
575596947534274560,en,,0,neutral,sexism,FALSE,,
563567281348026368,en,,0,neutral,sexism,FALSE,,
575615296846725120,en,,1,negative,none,FALSE,,
414469654107525120,en,,0,neutral,sexism,FALSE,,
566807288380284864,en,,1,negative,none,TRUE,,
563594992900657216,en,,0,neutral,sexism,FALSE,,
563591268815888384,en,,0,neutral,sexism,FALSE,,
575959169661939712,tr,,1,neutral,none,FALSE,,
572343186502230016,en,,1,neutral,none,FALSE,,
427959480089710592,en,,0,neutral,sexism,FALSE,,
572327485913759680,en,,1,positive,none,FALSE,,
576516340195815424,en,,1,positive,none,TRUE,,
490551528298909696,en,,0,neutral,sexism,FALSE,,
568058584413687808,en,,0,neutral,sexism,FALSE,,
419586276057038848,en,,0,neutral,sexism,FALSE,,
414469837209882560,en,,0,positive,sexism,FALSE,,
564448879593414656,en,,0,neutral,sexism,FALSE,,
572333302750699520,en,,1,positive,none,FALSE,,
572249928463851520,en,,0,neutral,sexism,FALSE,,
433409814874427392,en,,0,negative,sexism,FALSE,,
572345016275771392,en,,0,negative,sexism,FALSE,,
575643715869351936,en,,1,positive,none,FALSE,,
572340453976088576,en,,1,neutral,none,FALSE,,
563320019141267456,en,,0,neutral,sexism,FALSE,,
446465791337037760,en,,0,neutral,sexism,FALSE,,
562878414378766336,en,,1,neutral,none,TRUE,,
562827090811445248,en,,0,neutral,sexism,FALSE,,
570232796511387648,en,,0,neutral,sexism,FALSE,,
562307702853238784,en,,0,neutral,sexism,FALSE,,
414241877584777216,en,,0,neutral,sexism,FALSE,,
575950729602473984,en,,1,positive,none,FALSE,,
538062780075483136,en,,1,negative,none,FALSE,,
384043241659588608,en,,0,positive,sexism,FALSE,,
546361927513829376,en,,0,neutral,sexism,FALSE,,
414468905755635712,en,,0,neutral,sexism,FALSE,,
576660738191716352,en,,1,neutral,none,TRUE,,
569704810318061568,en,,0,neutral,sexism,FALSE,,
568880124860325824,en,,1,neutral,none,TRUE,,
568552487956795392,en,,1,neutral,none,TRUE,,
566984662825041920,en,,0,neutral,sexism,FALSE,,
573887217321525248,en,,1,neutral,none,TRUE,,
575597174836232192,en,,1,positive,none,FALSE,,
477569721517092864,en,,0,neutral,sexism,FALSE,,
569556470158594048,en,,0,neutral,sexism,FALSE,,
575953194737655808,en,,1,negative,none,FALSE,,
575599943857000448,en,,1,neutral,none,FALSE,,
563553619283156992,en,,1,neutral,none,TRUE,,
575955344586739712,en,,1,neutral,none,FALSE,,
569996634832003136,es,,1,neutral,none,TRUE,,
572332902421164032,en,,0,negative,sexism,FALSE,,
507036744790048768,en,,1,positive,none,FALSE,,
563571795820027904,en,,0,neutral,sexism,FALSE,,
572971994498514880,en,,1,neutral,none,TRUE,,
571734647949819904,en,,1,neutral,none,TRUE,,
575596519522332736,en,,0,neutral,sexism,FALSE,,
568809491317153792,en,,1,neutral,none,TRUE,,
560082897647173632,en,,0,neutral,sexism,FALSE,,
563596192647749632,en,,0,neutral,sexism,FALSE,,
575596249346408448,en,,0,negative,sexism,FALSE,,
500116932168024064,en,,1,negative,none,FALSE,,
575973012865863680,en,,0,neutral,sexism,FALSE,,
390256100517220416,en,,0,negative,sexism,FALSE,,
383730558863290368,en,,0,negative,sexism,FALSE,,
562467072073289664,en,,0,negative,sexism,FALSE,,
569402113551409216,en,,0,neutral,sexism,FALSE,,
568595886323810304,en,,0,negative,sexism,FALSE,,
576412723568721920,en,,1,neutral,none,TRUE,,
572355827975114816,en,,1,negative,none,FALSE,,
569357473813032960,en,,0,neutral,sexism,FALSE,,
400656794147508160,en,,0,neutral,sexism,FALSE,,
554068214947135424,en,,0,neutral,sexism,FALSE,,
575958007151906816,en,,0,neutral,sexism,FALSE,,
575947751470452736,en,,1,neutral,none,FALSE,,
572362946531106816,en,,0,neutral,sexism,FALSE,,
542074221963542464,en,,1,negative,none,FALSE,,
575970519331155968,en,,0,negative,sexism,FALSE,,
564573415231991808,en,,0,negative,sexism,FALSE,,
459788424866574336,en,,0,negative,sexism,FALSE,,
459788361041846336,en,,0,neutral,sexism,FALSE,,
557043672340897792,en,,0,negative,sexism,FALSE,,
575595479876038656,en,,0,neutral,sexism,FALSE,,
554336288833150976,en,,0,neutral,sexism,FALSE,,
571717432022200320,en,,1,neutral,none,TRUE,,
575595563694972864,en,,0,neutral,sexism,FALSE,,
490713457692397568,en,,1,neutral,none,FALSE,,
566814794993659904,en,,0,neutral,sexism,FALSE,,
565344549426700224,en,,1,neutral,none,TRUE,,
575596416304701440,en,,1,neutral,none,FALSE,,
566663080638414848,en,,1,positive,none,TRUE,,
427959016044507136,en,,0,neutral,sexism,FALSE,,
535999861771206656,en,,0,negative,sexism,FALSE,,
568267536569114560,en,,1,neutral,none,TRUE,,
565030400217452480,en,,1,negative,none,TRUE,,
576539323035586560,en,,1,neutral,none,TRUE,,
575958696179552256,de,,1,neutral,none,FALSE,,
575596616154918912,en,,1,neutral,none,FALSE,,
546063730388123648,en,,0,neutral,sexism,FALSE,,
562349627215986624,en,,0,neutral,sexism,FALSE,,
567833744360349696,en,,1,positive,none,TRUE,,
574358572236160960,und,,1,neutral,none,TRUE,,
564286601203687360,en,,1,neutral,none,TRUE,,
569536244641865664,en,,0,neutral,sexism,FALSE,,
563022891638587392,en,,0,neutral,sexism,FALSE,,
439145770638671936,en,,0,neutral,sexism,FALSE,,
564639863526674432,en,,0,positive,sexism,FALSE,,
522387578537127936,en,,0,neutral,sexism,FALSE,,
575612156470689792,en,,1,neutral,none,FALSE,,
572334482696511424,en,,1,negative,none,FALSE,,
398112830445993984,en,,0,neutral,sexism,FALSE,,
570620699166912512,en,,1,neutral,none,TRUE,,
575980498004000768,en,,1,neutral,none,FALSE,,
571004874147684416,en,,0,negative,sexism,FALSE,,
572328124165197760,en,,0,neutral,sexism,FALSE,,
563881133474349056,en,,0,neutral,sexism,FALSE,,
572327139577503680,en,,1,positive,none,FALSE,,
570667827604156416,en,,1,neutral,none,TRUE,,
566674674919022592,en,,1,neutral,none,TRUE,,
575598795234410496,en,,0,neutral,sexism,FALSE,,
551151594645880832,en,,1,neutral,none,FALSE,,
565285577256620032,en,,0,neutral,sexism,FALSE,,
527216923441111040,en,,0,positive,sexism,FALSE,,
574412002501619712,en,,1,neutral,none,TRUE,,
548555798788325376,en,,0,negative,sexism,FALSE,,
425483429921050560,en,,0,neutral,sexism,FALSE,,
407173779068952576,en,,0,neutral,sexism,FALSE,,
489938636956135360,en,,0,neutral,racism,FALSE,,
431610728668086336,en,,1,neutral,none,FALSE,,
539627994289950720,en,,1,negative,none,FALSE,,
524697112576278464,en,,0,neutral,sexism,FALSE,,
572672657453260800,en,,1,neutral,none,TRUE,,
430474658324819968,en,,0,positive,sexism,FALSE,,
562765989696528384,en,,1,neutral,none,TRUE,,
573224848819814400,en,,1,neutral,none,TRUE,,
415245256494313536,en,,0,negative,sexism,FALSE,,
569402290542653440,en,,0,neutral,sexism,FALSE,,
570996437409865664,en,,1,neutral,none,TRUE,,
572332373519417280,en,,0,neutral,sexism,FALSE,,
575954211189325760,en,,0,-3,sexism,FALSE,,
575596490602627136,en,,1,neutral,none,FALSE,,
569011929122893760,en,,1,neutral,none,TRUE,,
517430515616731136,en,,0,neutral,sexism,FALSE,,
390255415465750464,en,,0,neutral,sexism,FALSE,,
573577913141829632,en,,1,neutral,none,TRUE,,
574717605845532736,en,,1,negative,none,TRUE,,
576470648094121984,en,,1,positive,none,TRUE,,
563905844686102464,en,,0,neutral,sexism,FALSE,,
569616168429822016,en,,1,neutral,none,TRUE,,
575960195605536768,en,,1,strongly negative,none,FALSE,,
549673730071220160,en,,0,negative,sexism,FALSE,,
535199742217969664,en,,1,negative,none,FALSE,,
576483584149688320,en,,1,neutral,none,FALSE,,
437292039915331584,en,,0,neutral,sexism,FALSE,,
560509487115943936,en,,0,neutral,sexism,FALSE,,
509562789204332480,en,,1,neutral,none,FALSE,,
572334487884865536,en,,0,negative,sexism,FALSE,,
563320973277945856,und,,1,neutral,none,TRUE,,
575957666645745664,en,,1,neutral,none,FALSE,,
563808736980901824,en,,1,negative,none,TRUE,,
565583416884994048,und,,1,neutral,none,TRUE,,
565091498790617024,en,,1,neutral,none,TRUE,,
572349634388996096,en,,0,negative,sexism,FALSE,,
563318364219531264,en,,1,negative,none,TRUE,,
563590764777992192,en,,0,neutral,sexism,FALSE,,
572332252123680768,en,,1,neutral,none,FALSE,,
563092979305701376,en,,1,neutral,none,TRUE,,
563857142906494976,en,,1,positive,none,TRUE,,
566851614065971200,en,,1,negative,none,TRUE,,
575626250607157248,en,,1,neutral,none,FALSE,,
575955593434832896,en,,1,negative,none,FALSE,,
575596599516119040,en,,0,neutral,sexism,FALSE,,
480493818555273216,en,,1,negative,none,FALSE,,
576470520247488512,und,,1,neutral,none,TRUE,,
523224825779998720,en,,1,neutral,none,FALSE,,
576096981036052480,en,,1,neutral,none,TRUE,,
571423471223222336,en,,1,neutral,none,TRUE,,
575805041665245184,en,,0,neutral,sexism,FALSE,,
575951440855736320,en,,1,neutral,none,FALSE,,
572327805049962496,en,,1,neutral,none,FALSE,,
468176504543641600,en,,0,neutral,sexism,FALSE,,
435793041488506880,und,,1,neutral,none,FALSE,,
382350557957984256,en,,0,positive,sexism,FALSE,,
569959682275540992,en,,1,neutral,none,TRUE,,
571746299797618624,en,,1,neutral,none,TRUE,,
575952143456210880,en,,0,negative,sexism,FALSE,,
414241969846898624,en,,0,neutral,sexism,FALSE,,
571429918602452992,en,,1,neutral,none,TRUE,,
575597239998926848,en,,0,neutral,sexism,FALSE,,
575709025536380864,und,,1,neutral,none,TRUE,,
564125632364150784,en,,0,negative,sexism,FALSE,,
576550358685618176,en,,1,negative,none,TRUE,,
573769828093198336,en,,1,neutral,none,TRUE,,
468176807187853312,en,,0,neutral,sexism,FALSE,,
5.6284E+17,en,,0,neutral,sexism,FALSE,,
576503515004026880,en,,1,neutral,none,TRUE,,
573556915826860032,en,,1,positive,none,TRUE,,
570838020816900096,en,,1,neutral,none,TRUE,,
572883732106895360,en,,1,neutral,none,TRUE,,
575601587051085760,en,,1,neutral,none,FALSE,,
507035398791778304,en,,1,neutral,none,FALSE,,
572333585698566080,en,,0,neutral,sexism,FALSE,,
563571480928481280,en,,0,neutral,sexism,FALSE,,
575651055020593216,en,,1,neutral,none,FALSE,,
565717648018014208,en,,0,neutral,sexism,FALSE,,
571136525934551040,en,,1,strongly positive,none,TRUE,,
570225418499968960,en,,0,neutral,sexism,FALSE,,
572327204064923648,en,,0,negative,sexism,FALSE,,
576032433067405312,en,,0,neutral,sexism,FALSE,,
444295781067915264,en,,0,positive,sexism,FALSE,,
407992874416865280,en,,0,neutral,sexism,FALSE,,
563050567757750336,en,,0,neutral,sexism,FALSE,,
563764225219104768,und,,1,neutral,none,TRUE,,
575957686715469760,en,,1,positive,none,FALSE,,
415244982597861376,en,,0,neutral,sexism,FALSE,,
542438491951333376,en,,1,neutral,none,FALSE,,
575612422117048320,en,,0,strongly negative,sexism,FALSE,,
572361378897399808,en,,0,neutral,sexism,FALSE,,
398239790232899584,en,,0,neutral,sexism,FALSE,,
483719544628707264,en,,0,neutral,sexism,FALSE,,
546017682915487680,en,,0,neutral,sexism,FALSE,,
502315096052596736,en,,0,neutral,racism,FALSE,,
572335955991908416,en,,1,positive,none,FALSE,,
448957689784045568,en,,0,negative,sexism,FALSE,,
566662339303571456,en,,0,neutral,sexism,FALSE,,
443034051641745408,en,,0,strongly negative,sexism,FALSE,,
563306925216268224,en,,0,neutral,sexism,FALSE,,
572327680542167040,en,,0,neutral,sexism,FALSE,,
462635274791444480,en,,0,neutral,sexism,FALSE,,
572330231702274048,en,,1,negative,none,TRUE,,
572359832163897280,en,,1,neutral,none,FALSE,,
572329555605762048,en,,1,neutral,none,FALSE,,
564701338982821824,en,,1,positive,none,TRUE,,
574598483065311232,en,,0,neutral,sexism,FALSE,,
575993053468438464,en,,0,negative,sexism,FALSE,,
576158453418233856,en,,1,positive,none,TRUE,,
558022769095344064,en,,1,neutral,none,FALSE,,
566667591461384192,en,,1,neutral,none,TRUE,,
572337552134316032,en,,1,neutral,none,FALSE,,
565980275654803456,en,,1,neutral,none,TRUE,,
569722190456713216,en,,1,positive,none,TRUE,,
416656781272551360,en,,0,positive,sexism,FALSE,,
421038832444657664,en,,0,negative,sexism,FALSE,,
570846212737249280,und,,1,neutral,none,TRUE,,
576152646593073216,en,,1,neutral,none,TRUE,,
410575630002946048,en,,0,neutral,sexism,FALSE,,
575638821489893376,en,,1,neutral,none,FALSE,,
563435543552602112,en,,1,neutral,none,FALSE,,
417767982522040320,und,,1,neutral,none,FALSE,,
572342944256032768,en,,0,negative,sexism,FALSE,,
573211375540969536,en,,1,neutral,none,TRUE,,
558647896430882816,en,,0,neutral,sexism,FALSE,,
563232127622201280,en,,1,neutral,none,TRUE,,
564099641604862016,en,,0,negative,sexism,FALSE,,
573208596424491008,en,,1,positive,none,TRUE,,
571177138105098240,en,,1,neutral,none,TRUE,,
575953060133871616,en,,1,neutral,none,FALSE,,
575596606713548800,en,,0,neutral,sexism,FALSE,,
569219530464997376,en,,1,positive,none,TRUE,,
562860793767944192,en,,0,neutral,sexism,FALSE,,
575954958127747136,en,,1,neutral,none,FALSE,,
575597390469664768,en,,1,neutral,none,FALSE,,
575597125070798848,en,,1,positive,none,FALSE,,
575949726874361856,en,,1,neutral,none,FALSE,,
571105104310325248,en,,1,neutral,none,TRUE,,
559094441395617792,en,,0,strongly negative,sexism,FALSE,,
572327916861702080,en,,0,neutral,sexism,FALSE,,
573266250245144576,en,,1,neutral,none,TRUE,,
542807548793851904,en,,0,positive,sexism,FALSE,,
575598119720652800,en,,1,positive,none,FALSE,,
430137604361576448,en,,0,negative,sexism,FALSE,,
572327127464345600,en,,0,neutral,sexism,FALSE,,
576613756530266112,en,,1,neutral,none,TRUE,,
565504073282363392,en,,0,negative,sexism,FALSE,,
575596640339365824,en,,1,neutral,none,FALSE,,
537647931432521664,en,,0,negative,sexism,FALSE,,
574589943982379008,en,,0,neutral,racism,FALSE,,
571004589849251840,en,,1,neutral,none,TRUE,,
446999265319976960,und,,1,neutral,none,FALSE,,
390255627974365184,en,,0,negative,sexism,FALSE,,
563558130626605056,en,,0,neutral,sexism,FALSE,,
572332269492281280,en,,1,neutral,none,FALSE,,
571138483789520896,en,,1,neutral,none,TRUE,,
539663159666421760,en,,1,positive,none,FALSE,,
575597092636229632,en,,0,neutral,sexism,FALSE,,
576005644718882816,en,,0,neutral,sexism,FALSE,,
576607445692256256,en,,1,neutral,none,TRUE,,
571305463788257280,en,,0,negative,sexism,FALSE,,
421039079182974976,en,,0,neutral,sexism,FALSE,,
575596925791002560,en,,0,neutral,sexism,FALSE,,
574898484479815680,en,,0,neutral,sexism,FALSE,,
502827412250714112,en,,0,neutral,sexism,FALSE,,
472386811398848512,en,,0,neutral,sexism,FALSE,,
566254793048735680,und,,0,neutral,sexism,FALSE,,
541713410313162816,en,,0,neutral,sexism,FALSE,,
575952268014460864,en,,1,negative,none,FALSE,,
410579635944955904,en,,1,positive,none,FALSE,,
566476411913773056,en,,1,neutral,none,TRUE,,
575599535055060992,en,,1,positive,none,FALSE,,
568554621523894336,en,,0,negative,sexism,FALSE,,
5.72326E+17,en,,1,neutral,none,FALSE,,
572327144392540160,en,,1,neutral,none,FALSE,,
575956742179135424,en,,1,positive,none,FALSE,,
565262140404408320,en,,0,positive,sexism,FALSE,,
575957238386335680,en,,1,neutral,none,FALSE,,
401077229821521920,en,,0,neutral,sexism,FALSE,,
554649431887192064,en,,1,neutral,none,FALSE,,
572326765990846464,en,,1,neutral,none,FALSE,,
568323578313048064,en,,1,neutral,none,TRUE,,
572332878467489792,en,,1,neutral,none,FALSE,,
570707591807913984,en,,0,neutral,sexism,FALSE,,
511928373028077568,en,,1,neutral,none,FALSE,,
572357483047460864,en,,0,neutral,sexism,FALSE,,
563578907484381184,en,,0,neutral,sexism,FALSE,,
575597740207443968,lv,,1,neutral,none,FALSE,,
482357624956915712,und,,1,neutral,none,FALSE,,
509905995389087680,en,,1,positive,none,FALSE,,
493533483508056064,en,,0,neutral,sexism,FALSE,,
576543432568508416,en,,1,positive,none,TRUE,,
546017749994979264,en,,0,neutral,sexism,FALSE,,
509204534682730496,en,,0,neutral,sexism,FALSE,,
575955091708051456,en,,1,neutral,none,FALSE,,
570666574006358016,en,,0,neutral,sexism,FALSE,,
563306241473413120,en,,0,neutral,sexism,FALSE,,
564304123844366336,en,,0,neutral,sexism,FALSE,,
576556431366701056,en,,1,positive,none,TRUE,,
574311189863235584,en,,1,neutral,none,TRUE,,
572334746660823040,en,,1,neutral,none,FALSE,,
400656887915360256,en,,0,positive,sexism,FALSE,,
575953824415887360,en,,1,neutral,none,FALSE,,
572327490930135040,en,,1,neutral,none,FALSE,,
462634724519723008,en,,0,positive,sexism,FALSE,,
572348377318346816,en,,1,neutral,none,FALSE,,
575721343586451456,en,,1,neutral,none,TRUE,,
573226543448633280,en,,1,positive,none,TRUE,,
540529698208362496,en,,0,negative,sexism,FALSE,,
572328381976453120,en,,0,neutral,sexism,FALSE,,
563568235023720448,en,,0,neutral,sexism,FALSE,,
575955857189384192,en,,1,negative,none,FALSE,,
563893921701306368,en,,1,neutral,none,TRUE,,
383698416171118592,en,,0,neutral,sexism,FALSE,,
572327774297313280,en,,1,neutral,none,FALSE,,
563773630283145216,en,,0,neutral,sexism,FALSE,,
573027489590607936,en,,1,neutral,none,TRUE,,
564672115966627840,en,,1,neutral,none,TRUE,,
569906877875798016,en,,0,neutral,sexism,FALSE,,
564581800304209920,en,,0,neutral,sexism,FALSE,,
575948102382702592,und,,1,neutral,none,FALSE,,
575599097333223360,en,,1,positive,none,FALSE,,
421420517552168960,en,,0,neutral,sexism,FALSE,,
575959816239124480,en,,0,neutral,sexism,FALSE,,
569972827824238592,en,,0,neutral,sexism,FALSE,,
575953916581412864,en,,1,neutral,none,FALSE,,
575608014612271104,en,,1,neutral,none,FALSE,,
568272058074804160,en,,1,neutral,none,TRUE,,
564266308162682880,en,,1,neutral,none,FALSE,,
564077514147254336,en,,0,neutral,sexism,FALSE,,
527604410353209280,en,,1,neutral,none,FALSE,,
575952826721001536,en,,1,neutral,none,FALSE,,
451159862471176192,en,,0,neutral,sexism,FALSE,,
500116460652756992,en,,0,positive,sexism,FALSE,,
507036008547094464,en,,0,neutral,sexism,FALSE,,
570417661672206336,en,,1,positive,none,TRUE,,
572335171862593536,en,,0,neutral,sexism,FALSE,,
384439219432603648,en,,0,neutral,sexism,FALSE,,
574472193268060160,en,,1,neutral,none,TRUE,,
571169798391861248,en,,1,neutral,none,TRUE,,
575626084294623232,en,,0,neutral,sexism,FALSE,,
575956355741265920,en,,1,neutral,none,FALSE,,
396715996280397760,en,,0,neutral,sexism,FALSE,,
569584925864648704,en,,0,neutral,sexism,FALSE,,
562835643404144640,en,,0,negative,sexism,FALSE,,
568806715098951680,en,,1,neutral,none,TRUE,,
572341677949501440,en,,1,positive,none,FALSE,,
571772971485802496,en,,1,neutral,none,TRUE,,
576182347181088768,en,,1,neutral,none,TRUE,,
576608548982898688,en,,1,positive,none,TRUE,,
564152650803867648,en,,0,neutral,sexism,FALSE,,
419587431990439936,en,,0,neutral,sexism,FALSE,,
575948721067847680,en,,0,positive,sexism,FALSE,,
567838013754994624,en,,1,neutral,none,TRUE,,
563838531265896448,en,,0,positive,sexism,FALSE,,
562426400633016320,en,,1,neutral,none,FALSE,,
575595564764549120,en,,0,negative,sexism,FALSE,,
573320412735541248,en,,1,neutral,none,TRUE,,
472386737692372992,en,,0,neutral,sexism,FALSE,,
565558732109529024,en,,1,negative,none,TRUE,,
430114215437672448,en,,0,neutral,sexism,FALSE,,
569282997976899584,en,,0,neutral,sexism,FALSE,,
521052110897831936,en,,1,neutral,none,FALSE,,
564575292786626560,en,,1,negative,none,TRUE,,
537443600653508608,en,,1,neutral,none,FALSE,,
575961558376845312,en,,0,negative,sexism,FALSE,,
575955076767830016,en,,1,neutral,none,FALSE,,
574385973821231104,en,,1,positive,none,TRUE,,
564500827016937536,en,,0,neutral,sexism,FALSE,,
400718256937259008,en,,1,positive,none,FALSE,,
564218232811577280,en,,0,neutral,sexism,FALSE,,
412646551148716032,en,,0,neutral,sexism,FALSE,,
575616141390974976,en,,1,neutral,none,FALSE,,
562432586002485248,en,,0,neutral,sexism,FALSE,,
568302538312650816,en,,1,neutral,none,TRUE,,
574474944509255680,en,,1,neutral,none,TRUE,,
563037819539849216,en,,1,negative,none,TRUE,,
575605680515629056,en,,1,positive,none,FALSE,,
535208078359416832,en,,1,negative,none,FALSE,,
563862695938490368,en,,1,positive,none,TRUE,,
565646165715476480,en,,0,neutral,sexism,FALSE,,
572349038873325568,en,,0,neutral,sexism,FALSE,,
5.67295E+17,en,,0,neutral,sexism,FALSE,,
439147613825556480,en,,0,neutral,sexism,FALSE,,
407174558932672512,en,,0,neutral,sexism,FALSE,,
575965727020212160,en,,1,negative,none,FALSE,,
572331454992003136,en,,0,neutral,sexism,FALSE,,
552993629627621376,en,,0,neutral,sexism,FALSE,,
504339902663000064,en,,1,neutral,none,FALSE,,
575963028014768064,en,,0,neutral,sexism,FALSE,,
407993800494047232,en,,0,neutral,sexism,FALSE,,
572334880987746304,en,,1,neutral,none,FALSE,,
1251886011052933120,,,,,,FALSE,FALSE,https://factuel.afp.com/cette-video-dun-africain-passe-tabac-en-chine-date-au-moins-de-2015
1251260127757434880,,,,,,TRUE,FALSE,https://www.politifact.com/factchecks/2020/apr/21/viral-image/yes-photo-jacksonville-beach-during-pandemic/
1250924765331820544,,,,,,FALSE,FALSE,https://chequeado.com/el-explicador/es-falso-que-el-40-del-personal-del-hospital-italiano-este-contagiado-de-coronavirus/
1250852583318736896,,,,,,TRUE,FALSE,https://leadstories.com/hoax-alert/2020/04/Fact-Check-Pelosi-Did-NOT-Delete-Video-Urging-Visits-To-Chinatown-During-COVID-19.html
1250802881923604480,,,,,,FALSE,FALSE,https://chequeado.com/el-explicador/es-falso-que-el-40-del-personal-del-hospital-italiano-este-contagiado-de-coronavirus/
1250719392003788800,,,,,,TRUE,FALSE,https://factcheck.afp.com/video-shows-protest-new-york-city-2017
1250437093760745472,,,,,,FALSE,FALSE,https://www.newschecker.in/article/news-detail/275_15726162
1250400745209442304,,,,,,TRUE,FALSE,https://pesacheck.org/hoax-kenya-is-not-offering-a-covid-19-mobile-data-grant-to-citizens-1d0b56095ad5
1250377799380197376,,,,,,FALSE,FALSE,https://maldita.es/malditobulo/2020/04/16/audio-daniel-mugica-gobierno-espana/
1250139103070425088,,,,,,TRUE,FALSE,https://piaui.folha.uol.com.br/lupa/2020/04/15/verificamos-bretas-hidroxicloroquina/
1249597938378125312,,,,,,FALSE,FALSE,https://pesacheck.org/false-agency-for-people-with-disabilities-not-running-program-to-support-special-needs-children-18024c7ee08
1249569482294648832,,,,,,FALSE,FALSE,https://factuel.afp.com/non-cette-video-ne-montre-pas-une-agression-contre-des-africains-en-chine-mais-une-bagarre-new-york
1249499435605909504,,,,,,TRUE,FALSE,https://politica.estadao.com.br/blogs/estadao-verifica/posts-inventam-desabafo-de-gusttavo-lima-sobre-ataques-contra-bolsonaro/
1249497564145004544,,,,,,FALSE,partially false,https://www.politifact.com/factchecks/2020/apr/13/deanna-lorraine/tweet-amplified-trump-misleads-faucis-late-februar/
1249457858686656512,,,,,,TRUE,partially false,https://www.politifact.com/factchecks/2020/apr/13/deanna-lorraine/tweet-amplified-trump-misleads-faucis-late-februar/
1249431149417504768,,,,,,FALSE,FALSE,https://www.politifact.com/factchecks/2020/apr/17/tweets/michigan-residents-can-still-buy-car-seats/
1249143521363267584,,,,,,FALSE,FALSE,https://www.politifact.com/factchecks/2020/apr/14/facebook-posts/michiganders-arent-banned-buying-american-flags/
1249062356077944832,,,,,,TRUE,FALSE,https://www.politifact.com/factchecks/2020/apr/14/facebook-posts/no-there-isnt-phone-number-call-track-your-stimulu/
1248997179139788800,,,,,,TRUE,FALSE,https://politica.estadao.com.br/blogs/estadao-verifica/perfis-bolsonaristas-distorcem-acao-de-combate-ao-coronavirus-no-para/
1248950530509946880,,,,,,FALSE,FALSE,https://www.newschecker.in/article/news-detail/275_15615449
1248908195294097408,,,,,,FALSE,FALSE,https://factcheck.afp.com/video-shows-monkeys-swimming-pool-india-during-covid-19-lockdown
1248807066476728320,,,,,,TRUE,FALSE,https://aosfatos.org/noticias/presos-nao-vao-monitorar-populacao-em-pontos-de-onibus-no-para/
1248698266889457664,,,,,,TRUE,FALSE,https://factuel.afp.com/cette-video-dun-africain-passe-tabac-en-chine-date-au-moins-de-2015
1248626191898013696,,,,,,FALSE,FALSE,https://www.newtral.es/la-guardia-civil-no-ha-recomendado-desinstalar-la-aplicacion-zoom/20200411/
1248591284555702272,,,,,,TRUE,FALSE,https://www.newtral.es/la-guardia-civil-no-ha-recomendado-desinstalar-la-aplicacion-zoom/20200411/
1248530581375160320,,,,,,TRUE,partially false,https://www.newschecker.in/article/news-detail/275_15642595
1248527246060654592,,,,,,TRUE,FALSE,https://pesacheck.org/false-raila-odinga-has-not-tested-positive-for-covid-19-7b90ad5b1619
1248387395201847296,,,,,,FALSE,unproven,https://healthfeedback.org/viral-video-promotes-the-unsupported-hypothesis-that-sars-cov-2-is-a-bioengineered-virus-released-from-a-wuhan-research-laboratory/
1248264909126762496,,,,,,TRUE,FALSE,https://pesacheck.org/false-raila-odinga-has-not-tested-positive-for-covid-19-7b90ad5b1619
1248254992722558976,,,,,,TRUE,FALSE,https://pesacheck.org/false-the-world-bank-has-not-channeled-50-million-against-covid-19-to-the-sonko-rescue-team-4751739af368
1248233873235828736,,,,,,TRUE,partially false,https://www.newschecker.in/article/news-detail/275_15642595
1248232965726846976,,,,,,FALSE,partially false,https://www.newschecker.in/article/news-detail/275_15642595
1248164886053441536,,,,,,TRUE,FALSE,https://factcheck.afp.com/late-pharmacists-husband-and-local-indian-authorities-said-her-death-was-not-result-pandemic-related
1247853606742736896,,,,,,FALSE,FALSE,https://www.newtral.es/la-guardia-civil-no-ha-recomendado-desinstalar-la-aplicacion-zoom/20200411/
1247848924980957184,,,,,,FALSE,FALSE,https://efectococuyo.com/cocuyo-chequea/ordeno-cambiar-diagnosticos/
1247666625958023168,,,,,,TRUE,FALSE,https://www.politifact.com/factchecks/2020/apr/14/candace-owens/covid-19-skeptics-say-theres-overcount-doctors-fie/
1247513323614031872,,,,,,TRUE,partially false,https://factcheck.afp.com/non-profit-hospital-pakistan-refutes-misleading-claim-it-charged-patients-covid-19-tests
1247505411558780928,,,,,,TRUE,FALSE,https://africacheck.org/fbcheck/no-ramaphosa-not-asking-foreigners-to-leave-south-africa-no-announcement-of-extended-covid-19-lockdown/
1247287993095897088,,,,,,TRUE,FALSE,https://www.politifact.com/factchecks/2020/apr/14/candace-owens/covid-19-skeptics-say-theres-overcount-doctors-fie/
1247189046453035008,,,,,,FALSE,FALSE,https://www.lemonde.fr/les-decodeurs/article/2020/04/07/attention-la-carte-de-france-annoncant-des-dates-de-deconfinement-par-regions-est-un-faux_6035870_4355770.html
1247178073700814848,,,,,,TRUE,partially false,https://lasillavacia.com/detector-trino-tomas-uribe-sobre-comparacion-camas-uci-76139
1247107741719592960,,,,,,FALSE,FALSE,https://teyit.org/yeni-koronavirus-gaz-cikarma-yoluyla-bulasmiyor/
1247030383327064064,,,,,,FALSE,FALSE,https://www.boomlive.in/fake-news/false-photo-shows-india-illuminated-during-pm-modis-9-pm-9-minutes-appeal-7562
1246996636212932608,,,,,,TRUE,others,https://www.snopes.com/fact-check/pat-robertson-oral-sex-coronavirus/?collection-id=244110
1246865058690297856,,,,,,TRUE,FALSE,https://www.boomlive.in/fake-news/false-photo-shows-india-illuminated-during-pm-modis-9-pm-9-minutes-appeal-7562
1246859356861345792,,,,,,TRUE,FALSE,https://colombiacheck.com/chequeos/el-falso-editorial-del-washington-post-sobre-capitalismo-salvaje
1246816948874338304,,,,,,TRUE,FALSE,https://maldita.es/malditobulo/2020/04/08/cerebro-controlar-sistema-inmunologico-curarnos-miranda-makaroff/
1246804406705614848,,,,,,TRUE,FALSE,https://www.newschecker.in/article/news-detail/275_15504156
1246793653294686208,,,,,,FALSE,FALSE,https://www.politifact.com/factchecks/2020/apr/13/tweets/no-pat-robertson-didnt-say-covid-19-caused-oral-se/
1246779780822859776,,,,,,TRUE,FALSE,https://pesacheck.org/false-this-post-claiming-that-59-kenyans-have-died-after-consuming-dettol-to-prevent-covid-19-is-704bff4fc53f
1246556258095763456,,,,,,TRUE,FALSE,https://www.politifact.com/factchecks/2020/apr/14/candace-owens/covid-19-skeptics-say-theres-overcount-doctors-fie/
1246512229928898560,,,,,,TRUE,FALSE,https://crithink.mk/anonimno-video-ja-dezinformira-javnosta-deka-zdravstveniot-sistem-e-vo-raspad/
1246476617628758016,,,,,,FALSE,FALSE,https://efectococuyo.com/cocuyo-chequea/profesor-eeuu-detenido-fabricar-vender-coronavirus/
1246333065779167232,,,,,,TRUE,FALSE,https://www.newschecker.in/article/news-detail/275_15504156
1246276762302140416,,,,,,TRUE,FALSE,https://pesacheck.org/false-raila-odinga-has-not-tested-positive-for-covid-19-7b90ad5b1619
1246091227663138816,,,,,,TRUE,FALSE,https://factcheck.afp.com/sharjah-ruler-sultan-bin-muhammad-al-qasimi-did-not-ban-burial-covid-19-victims-april-2020
1246077808163635200,,,,,,FALSE,partially false,https://fatabyyano.net/%d8%a7%d9%84%d8%b4%d8%b1%d8%b7%d8%a9-%d8%a7%d9%84%d8%a7%d8%b3%d8%a8%d8%a7%d9%86%d9%8a%d9%91%d8%a9-%d8%aa%d8%b4%d8%ac%d8%b9-%d8%a3%d8%b7%d8%a8%d8%a7%d8%a1-%d8%a8%d8%b9%d8%af%d9%85%d8%a7/
1245950357605249024,,,,,,TRUE,FALSE,https://www.istinomer.rs/izjava/svaki-gradjanin-juzne-koreje-placa-test-na-korona-virus/
1245808333820485632,,,,,,TRUE,FALSE,https://africacheck.org/fbcheck/coronavirus-job-scam-no-world-health-organization-kenya-not-hiring-on-facebook/
1245736571221028864,,,,,,TRUE,FALSE,https://lasillavacia.com/detector-no-colombia-no-esta-ultimo-lugar-ranking-test-aplicados-covid-19-76098
1245682138776629248,,,,,,TRUE,FALSE,https://leadstories.com/hoax-alert/2020/04/fact-check-audio-of-biden-calling-coronavirus-a-hoax-was-manipulated.html
1245656212261097472,,,,,,FALSE,FALSE,https://www.open.online/2020/04/03/coronavirus-un-video-mostra-i-cadaveri-ammassati-a-terra-nellospedale-di-bergamo-no-fatto-in-ecuador/
1245643028951228416,,,,,,TRUE,FALSE,https://factcheck.afp.com/new-hoax-circulates-online-india-has-outlawed-social-media-posts-about-covid-19
1245418050385412096,,,,,,FALSE,FALSE,https://leadstories.com/hoax-alert/2020/04/fact-check-nytimes-did-not-invent-doctor-fighting-coronavirus-in-qanon-conspiracy-theory.html
1245395500356046848,,,,,,TRUE,FALSE,https://www.newtral.es/la-guardia-civil-no-ha-recomendado-desinstalar-la-aplicacion-zoom/20200411/
1245349439453253632,,,,,,TRUE,partially false,https://factcheck.afp.com/video-has-circulated-reports-least-february-2020-weeks-incident-coronavirus-quarantine-facility
1245344440811741184,,,,,,TRUE,FALSE,https://checkyourfact.com/2020/04/16/fact-check-fda-authorize-bodysphere-two-minute-coronavirus-test/
1245316635373731840,,,,,,FALSE,partially false,https://www.snopes.com/fact-check/violent-aftermath-of-coronavirus/?collection-id=241855
1245006381180022784,,,,,,TRUE,partially false,https://factcheck.afp.com/china-sent-medical-supplies-not-doctors-help-malaysia-combat-covid-19-pandemic
1244782872076128256,,,,,,FALSE,TRUE,https://www.snopes.com/fact-check/empire-state-building-coronavirus/?collection-id=244110
1244766735812739072,,,,,,FALSE,partially false,https://fatabyyano.net/%d8%a7%d9%84%d8%b4%d8%b1%d8%b7%d8%a9-%d8%a7%d9%84%d8%a7%d8%b3%d8%a8%d8%a7%d9%86%d9%8a%d9%91%d8%a9-%d8%aa%d8%b4%d8%ac%d8%b9-%d8%a3%d8%b7%d8%a8%d8%a7%d8%a1-%d8%a8%d8%b9%d8%af%d9%85%d8%a7/
1244736805716590592,,,,,,FALSE,FALSE,https://efectococuyo.com/cocuyo-chequea/ozono-cuarentena/
1244647836031074304,,,,,,FALSE,TRUE,https://www.snopes.com/fact-check/cbs-news-italian-hospital/?collection-id=241219
1244640844931567616,,,,,,TRUE,FALSE,https://piaui.folha.uol.com.br/lupa/2020/04/13/verificamos-fda-liberou-hidroxicloroquina-todos-pacientes-covid-19/
1244536382069985280,,,,,,TRUE,FALSE,https://factcheck.afp.com/world-health-organization-refutes-claim-agency-increased-thai-governments-pandemic-level-covid-19
1244450631491911680,,,,,,FALSE,FALSE,https://www.washingtonpost.com/politics/2020/04/13/how-false-hope-spread-about-hydroxychloroquine-its-consequences/
1244409780963348480,,,,,,FALSE,FALSE,https://piaui.folha.uol.com.br/lupa/2020/03/30/verificamos-caiado-manifestantes-coronavirus/
1244327596814467072,,,,,,FALSE,FALSE,https://correctiv.org/faktencheck/2020/04/01/nein-alkohol-zu-trinken-toetet-das-coronavirus-nicht-ab/
1244281632145707008,,,,,,TRUE,FALSE,https://pesacheck.org/false-president-kenyatta-has-not-ordered-credit-reference-bureaus-to-delist-kenyans-with-loan-32dc32e9360f?source=rss----ab41f21aa9a9---4
1244025935604654080,,,,,,FALSE,FALSE,https://maldita.es/malditobulo/2020/03/29/gobierno-no-compa-test-rapidos-coronavirus-genomica-hermana-maria-dolores-cospedal/
1244022420404670464,,,,,,FALSE,FALSE,https://www.nacion.com/no-coma-cuento/nocomacuento-masticar-jengibre-no-impide-el/VZVVJL7IRZBZXEKDVOMNUJLI3Q/story/
1244020775130193920,,,,,,FALSE,partially false,https://www.snopes.com/fact-check/cs-lewis-quote-1942/?collection-id=244110
1243761890116812800,,,,,,TRUE,others,https://www.snopes.com/news/2020/03/20/grocery-stores-special-hours/?collection-id=242229
1243592198735552512,,,,,,TRUE,FALSE,https://aajtak.intoday.in/story/fact-check-dr-naresh-trehan-coronavirus-covid-19-social-media-viral-post-1-1176172.html
1243570295375609856,,,,,,FALSE,FALSE,https://www.factcheck.org/2020/04/baseless-attack-on-news-media-over-photo-of-coffins/
1243559469625290752,,,,,,FALSE,FALSE,https://factuel.afp.com/en-stade-dinfection-maximale-ce-message-contient-des-informations-infondees
1243481300163538944,,,,,,TRUE,FALSE,https://teyit.org/videonun-yeni-koronavirusun-ortaya-ciktigi-wuhandaki-hayvan-pazarini-gosterdigi-iddiasi/
1243258492137484288,,,,,,FALSE,FALSE,https://teyit.org/netflixin-disari-cikanlari-caydirmak-icin-spoiler-iceren-panolar-hazirlattigi-iddiasi/
1243230232917786624,,,,,,FALSE,FALSE,https://factcheck.afp.com/extinction-rebellion-said-it-did-not-issue-poster-about-coronavirus
1243203666884145152,,,,,,TRUE,FALSE,https://lasillavacia.com/detector-no-este-medicamento-tampoco-vacuna-covid-19-no-hay-vacuna-76005
1243160705853009920,,,,,,TRUE,FALSE,https://pesacheck.org/false-these-messages-showing-emergency-cash-transfers-from-the-government-of-kenya-are-fake-4e5bc861a7f0?source=rss----ab41f21aa9a9---4
1243138976413675520,,,,,,TRUE,others,https://www.snopes.com/news/2020/02/18/coronavirus-china-disinfection-video/?collection-id=241855
1243057148474429440,,,,,,TRUE,FALSE,https://www.indiatoday.in/fact-check/story/fact-check-audio-clip-stating-59-positive-coronavirus-cases-in-nagpur-is-fake-1660112-2020-03-26
1242953631089020928,,,,,,TRUE,FALSE,https://politica.estadao.com.br/blogs/estadao-verifica/e-falso-que-israel-controle-o-coronavirus-sem-distanciamento-social/
1242859017631870976,,,,,,TRUE,partially false,https://www.politifact.com/factchecks/2020/mar/27/turning-point-usa/conservative-group-meme-distorts-nevadas-chloroqui/
1242830528975376384,,,,,,FALSE,FALSE,https://www.animalpolitico.com/elsabueso/primer-ministro-de-italia-no-declaro-que-su-pais-perdio-la-batalla-contra-el-covid-19/?check=1
1242781297954734080,,,,,,TRUE,FALSE,https://www.animalpolitico.com/elsabueso/primer-ministro-de-italia-no-declaro-que-su-pais-perdio-la-batalla-contra-el-covid-19/?check=1
1242671258699005952,,,,,,FALSE,FALSE,https://fatabyyano.net/%d8%a7%d9%84%d9%85%d9%88%d8%b2-%d8%a3%d8%ab%d8%a8%d8%aa-%d9%86%d8%ac%d8%a7%d8%b9%d8%aa%d9%87-%d9%81%d9%8a-%d9%85%d9%86-%d9%83%d9%88%d8%b1%d9%88%d9%86%d8%a7-%d8%af%d8%b1%d8%a7%d8%b3%d8%a9/
1242594544908038144,,,,,,TRUE,partially false,https://www.politifact.com/factchecks/2020/mar/27/duey-stroebel/has-gov-tony-evers-banned-family-dinners-amid-wisc/
1242533718620876800,,,,,,TRUE,partially false,https://www.snopes.com/fact-check/trump-governors-supplies/?collection-id=242252
1242508598543933440,,,,,,FALSE,FALSE,https://www.newschecker.in/article/news-detail/275_15730788
1242470142556155904,,,,,,TRUE,FALSE,https://www.politifact.com/factchecks/2020/mar/25/donald-trump/donald-trump-misses-key-facts-claim-new-york-gover/
1242426747431329792,,,,,,FALSE,FALSE,https://efectococuyo.com/cocuyo-chequea/quintero-sirio-coronavirus/
1242320437788409856,,,,,,TRUE,FALSE,https://teyit.org/cdcnin-yeni-koronavirusun-yuzeylerde-17-gun-yasadigini-acikladigi-iddiasi/
1242299927822135296,,,,,,FALSE,FALSE,https://www.boomlive.in/fake-news/mumbai-police-rubbishes-viral-message-on-timings-of-essential-items-sold-7343
1242295066313363456,,,,,,TRUE,FALSE,https://www.indiatoday.in/fact-check/story/fact-check-police-did-not-fix-timings-for-grocery-and-medical-stores-in-mumbai-1659252-2020-03-24
1242280376069959680,,,,,,TRUE,FALSE,https://tfc-taiwan.org.tw/articles/3590
1242267620293804032,,,,,,TRUE,FALSE,https://www.animalpolitico.com/elsabueso/la-onu-no-da-bonos-por-el-coronavirus-es-una-estafa/
1242258629278875648,,,,,,TRUE,FALSE,https://www.politifact.com/factchecks/2020/mar/24/blog-posting/drinking-chloroquine-fish-tank-cleaner-wont-stop-c/
1242193904553865216,,,,,,TRUE,FALSE,https://leadstories.com/hoax-alert/2020/04/fact-check-president-trump-did-not-refer-to-coronavirus-as-a-hoax.html
1242109367903825920,,,,,,TRUE,FALSE,https://pesacheck.org/false-kenya-has-not-confirmed-23-covid-19-cases-in-mombasa-6ec3e146e6c5?source=rss----ab41f21aa9a9---4
1242089317951922176,,,,,,FALSE,FALSE,https://africacheck.org/fbcheck/no-gaddafi-didnt-predict-coronavirus-but-did-talk-about-viruses-and-vaccines/
1242052508765302784,,,,,,TRUE,FALSE,https://africacheck.org/fbcheck/food-distribution-during-rwandas-coronavirus-lockdown-no-photo-from-ramadan-in-the-gambia/
1242023187342376960,,,,,,TRUE,FALSE,https://factuel.afp.com/coronavirus-non-lislande-na-pas-depiste-lintegralite-de-sa-population
1241925826171539456,,,,,,TRUE,others,https://www.snopes.com/news/2020/02/18/coronavirus-china-disinfection-video/?collection-id=241855
1241880633015767040,,,,,,FALSE,FALSE,https://efectococuyo.com/cocuyo-chequea/venezuela-es-el-unico-pais-que-tomo-medidas-adelantadas-contra-el-covid-19/
1241869758573744128,,,,,,FALSE,FALSE,https://fatabyyano.net/%d8%a7%d9%84%d9%85%d8%b3%d9%84%d8%b3%d9%84-%d8%a7%d9%84%d9%83%d9%88%d8%b1%d9%8a-%d8%a7%d9%84%d8%b0%d9%8a-%d8%aa%d9%86%d8%a8%d8%a3-%d8%b3%d9%86%d8%a9-2018-%d8%a8%d8%a3%d9%86-%d9%81%d9%8a%d8%b1%d9%88/
1241817663204143104,,,,,,TRUE,FALSE,https://factcheck.afp.com/articles-spread-tim-hortons-closure-hoax-canada
1241801820457951232,,,,,,FALSE,partially false,https://fatabyyano.net/%d8%a7%d9%84%d8%b4%d8%b1%d8%b7%d8%a9-%d8%a7%d9%84%d8%a7%d8%b3%d8%a8%d8%a7%d9%86%d9%8a%d9%91%d8%a9-%d8%aa%d8%b4%d8%ac%d8%b9-%d8%a3%d8%b7%d8%a8%d8%a7%d8%a1-%d8%a8%d8%b9%d8%af%d9%85%d8%a7/
1241749596868694016,,,,,,FALSE,FALSE,https://factcheck.afp.com/these-photos-show-aftermath-powerful-earthquake-croatia?check=1
1241749477356122112,,,,,,TRUE,FALSE,https://colombiacheck.com/chequeos/video-difundido-en-redes-no-es-de-primer-muerto-por-covid-19-en-ibague
1241708490181283840,,,,,,FALSE,FALSE,https://piaui.folha.uol.com.br/lupa/2020/03/22/drauzio-salles-coronavirus/?check=1
1241659754109378560,,,,,,TRUE,FALSE,https://factcheck.afp.com/indian-authorities-refute-fake-advisory-which-claimed-disinfectant-would-be-sprayed-across-india?check=2
1241634813536350208,,,,,,FALSE,unproven,https://www.mm.dk/tjekdet/artikel/stor-reklame-i-dansk-avis-luftrenser-fjerner-coronavirus-fra-luft-og-overflader
1241625537468129280,,,,,,FALSE,unproven,https://www.mm.dk/tjekdet/artikel/stor-reklame-i-dansk-avis-luftrenser-fjerner-coronavirus-fra-luft-og-overflader
1241469504087035904,,,,,,TRUE,FALSE,https://pesacheck.org/false-this-man-wearing-a-face-mask-is-not-ugandas-first-confirmed-covid-19-case-1b1e29fc40c9?source=rss----ab41f21aa9a9---4
1241446999951622144,,,,,,FALSE,partially false,https://fatabyyano.net/%d8%a7%d9%84%d8%b4%d8%b1%d8%b7%d8%a9-%d8%a7%d9%84%d8%a7%d8%b3%d8%a8%d8%a7%d9%86%d9%8a%d9%91%d8%a9-%d8%aa%d8%b4%d8%ac%d8%b9-%d8%a3%d8%b7%d8%a8%d8%a7%d8%a1-%d8%a8%d8%b9%d8%af%d9%85%d8%a7/
1241390862711566336,,,,,,TRUE,FALSE,https://www.thejournal.ie/debunked-coronavirus-testing-facility-dublin-5053846-Mar2020/
1241367239900778496,,,,,,FALSE,FALSE,https://www.politifact.com/factchecks/2020/mar/24/blog-posting/drinking-chloroquine-fish-tank-cleaner-wont-stop-c/
1241313816195010560,,,,,,FALSE,FALSE,https://maldita.es/malditobulo/2020/03/22/no-no-se-va-habilitar-una-carpa-al-lado-del-hospital-de-calahorra-para-tests-rapidos-de-coronavirus/
1241311878120214528,,,,,,TRUE,FALSE,https://www.newschecker.in/article/news-detail/275_15345318
1241287878354677760,,,,,,TRUE,FALSE,https://www.sciencepresse.qc.ca/actualite/detecteur-rumeurs/2020/03/24/covid-19-censure-contre-chloroquine-faux
1241110237605703680,,,,,,TRUE,FALSE,https://tfc-taiwan.org.tw/articles/3416
1241095676529958912,,,,,,TRUE,FALSE,https://teyit.org/fotograf-aytac-yalmanin-cenaze-toreninden-degil/
1241077048270942208,,,,,,TRUE,partially false,https://fatabyyano.net/%d8%a7%d9%84%d8%b4%d8%b1%d8%b7%d8%a9-%d8%a7%d9%84%d8%a7%d8%b3%d8%a8%d8%a7%d9%86%d9%8a%d9%91%d8%a9-%d8%aa%d8%b4%d8%ac%d8%b9-%d8%a3%d8%b7%d8%a8%d8%a7%d8%a1-%d8%a8%d8%b9%d8%af%d9%85%d8%a7/
1241024259125886976,,,,,,FALSE,FALSE,https://factuel.afp.com/coronavirus-attention-cette-video-qui-entend-denoncer-un-scandale-detat-contient-11-affirmations
1240959511059468288,,,,,,FALSE,FALSE,https://www.efe.com/efe/espana/efeverifica/espana-no-es-el-pais-europeo-donde-coronavirus-mas-letal-italia/50001435-4200807
1240940996554358784,,,,,,FALSE,FALSE,https://www.francetvinfo.fr/sante/maladie/coronavirus/non-cette-photo-ne-montre-pas-des-aides-soignantes-adressant-un-doigt-dhonneur-aux-electeurs-demmanuel-macron_3882595.html
1240833664801538048,,,,,,FALSE,FALSE,https://www.factcheck.org/2020/03/martial-law-isnt-imminent/
1240811634215378944,,,,,,TRUE,FALSE,https://www.factcheck.org/2020/03/martial-law-isnt-imminent/
1240760994269446144,,,,,,TRUE,partially false,https://demagog.org.pl/analizy_i_raporty/15-lat-wiezienia-dla-lamiacych-kwarantanne-w-rumunii-manipulacja/?check=1
1240714657775534080,,,,,,TRUE,partially false,https://fatabyyano.net/%d8%a7%d9%84%d8%b4%d8%b1%d8%b7%d8%a9-%d8%a7%d9%84%d8%a7%d8%b3%d8%a8%d8%a7%d9%86%d9%8a%d9%91%d8%a9-%d8%aa%d8%b4%d8%ac%d8%b9-%d8%a3%d8%b7%d8%a8%d8%a7%d8%a1-%d8%a8%d8%b9%d8%af%d9%85%d8%a7/
1240687991581859840,,,,,,FALSE,partially false,https://www.politifact.com/factchecks/2020/apr/01/jeff-jackson/are-nc-hospital-beds-typically-85-full/
1240673308150059008,,,,,,FALSE,unproven,https://efectococuyo.com/cocuyo-chequea/cloroquina-covid-19/
1240671162306367488,,,,,,TRUE,partially false,https://www.washingtonpost.com/politics/2020/03/31/new-trump-video-offers-more-spin-than-hope/
1240671025890820096,,,,,,TRUE,others,https://www.snopes.com/news/2020/03/20/grocery-stores-special-hours/?collection-id=242229
1240647919029624832,,,,,,FALSE,FALSE,https://www.indiatoday.in/fact-check/story/fact-check-no-this-covid-19-patient-is-not-the-wife-of-canadian-pm-justin-trudeau-1658145-2020-03-21
1240646710021537792,,,,,,TRUE,unproven,https://www.washingtonpost.com/politics/2020/03/20/was-white-house-office-global-pandemics-eliminated/
1240619618911301632,,,,,,FALSE,FALSE,https://factuel.afp.com/non-cette-chambre-nest-pas-celle-dun-voyageur-en-quarantaine-au-cameroun-cause-du-coronavirus
1240606924032356352,,,,,,TRUE,FALSE,https://teyit.org/sac-kurutma-makinesinin-koronavirusu-yenmede-etkili-oldugu-iddiasi/
1240583521246367744,,,,,,TRUE,FALSE,https://pesacheck.org/hoax-reports-that-a-chinese-woman-was-killed-in-mombasa-over-covid-19-fears-are-false-c7d6913ce5ae?source=rss----ab41f21aa9a9---4
1240578769255051264,,,,,,TRUE,others,https://www.snopes.com/news/2020/03/20/grocery-stores-special-hours/?collection-id=242229
1240574593628323840,,,,,,FALSE,FALSE,https://www.newtral.es/el-rey-plagio-discurso-crisis-covid19-libro/20200321/
1240539885133537280,,,,,,FALSE,FALSE,https://www.snopes.com/fact-check/secret-terrius-predict-covid19/?collection-id=241219
1240531367705939968,,,,,,FALSE,FALSE,https://demagog.org.pl/analizy_i_raporty/nie-wosp-nie-odmowila-wsparcia-walki-z-koronawirusem/
1240500127875371008,,,,,,TRUE,FALSE,https://tfc-taiwan.org.tw/articles/3384
1240478618150567936,,,,,,TRUE,FALSE,https://www.rappler.com/newsbreak/fact-check/255940-pangilinan-says-government-should-exempt-children-total-lockdown
1240463700622036992,,,,,,TRUE,FALSE,https://colombiacheck.com/chequeos/en-ibague-no-hay-casos-de-covid-19-la-enfermedad-producida-por-coronavirus-de-wuhan
1240417970666369024,,,,,,TRUE,TRUE,https://www.snopes.com/fact-check/covid-19-discovered-us-south-korea/?collection-id=238721
1240408437516877824,,,,,,FALSE,FALSE,https://www.snopes.com/fact-check/secret-terrius-predict-covid19/?collection-id=241219
1240373638999785472,,,,,,FALSE,others,https://www.snopes.com/news/2020/03/20/grocery-stores-special-hours/?collection-id=242229
1240369524345577472,,,,,,FALSE,FALSE,https://www.newtral.es/el-rey-plagio-discurso-crisis-covid19-libro/20200321/
1240361258957897728,,,,,,TRUE,partially false,https://www.politifact.com/factchecks/2020/mar/27/donald-trump/fact-checking-whether-biden-called-trump-xenophobi/
1240347799738126336,,,,,,TRUE,partially false,https://pagellapolitica.it/bufale/show/1010/katy-perry-madonna-e-i-black-sabbath-condividono-video-dei-flash-mob-italiani-ma-con-laudio-sbagliato
1240335503343390720,,,,,,FALSE,FALSE,https://www.efe.com/efe/espana/efeverifica/no-dejan-sin-respiradores-a-los-ingresados-con-coronavirus-mayores-de-65-anos/50001435-4203847
1240324492867579904,,,,,,FALSE,FALSE,https://www.liberation.fr/checknews/2020/03/22/pourquoi-la-chine-accuse-t-elle-les-etats-unis-d-avoir-importe-le-virus_1782638
1240324489071792128,,,,,,FALSE,FALSE,https://www.liberation.fr/checknews/2020/03/22/pourquoi-la-chine-accuse-t-elle-les-etats-unis-d-avoir-importe-le-virus_1782638
1240320792547786752,,,,,,FALSE,FALSE,https://www.snopes.com/fact-check/secret-terrius-predict-covid19/?collection-id=241219
1240284196729487360,,,,,,TRUE,FALSE,https://lasillavacia.com/detector-no-estudio-no-revelo-humo-del-cigarrillo-puede-transportar-nuevo-coronavirus
1240273631604809728,,,,,,FALSE,FALSE,https://www.politifact.com/factchecks/2020/mar/23/facebook-posts/100-covid-19-cure-no-chloroquine-effectiveness-onl/
1240243188708839424,,,,,,TRUE,FALSE,https://www.politifact.com/factchecks/2020/mar/18/donald-trump/trump-says-he-always-felt-coronavirus-was-pandemic/
1240227550980268032,,,,,,TRUE,FALSE,https://factcheck.afp.com/indian-government-said-there-no-free-mask-scheme-place-claim-was-published-fraudulent-website
1240226544095621120,,,,,,FALSE,FALSE,https://factcheck.afp.com/indian-health-authorities-refute-myth-juiced-vegetables-can-cure-covid-19
1240204765956648960,,,,,,FALSE,FALSE,https://www.efe.com/efe/espana/efeverifica/espana-no-es-el-pais-europeo-donde-coronavirus-mas-letal-italia/50001435-4200807
1240204715855679488,,,,,,TRUE,FALSE,https://pesacheck.org/hoax-reports-that-a-chinese-woman-was-killed-in-mombasa-over-covid-19-fears-are-false-c7d6913ce5ae?source=rss----ab41f21aa9a9---4
1240190243736662016,,,,,,TRUE,FALSE,https://factcheck.afp.com/indian-authorities-refute-fake-claim-about-food-markets-closing-chennai-during-covid-19-lockdown
1240178005516959744,,,,,,FALSE,FALSE,https://www.efe.com/efe/espana/efeverifica/no-existen-vacunas-caseras-contra-el-coronavirus-son-correos-maliciosos/50001435-4199034
1240013676733550592,,,,,,FALSE,FALSE,https://verificado.com.mx/coronavirus-falso-19-libresylokos-tengan-covid19/
1239980773203034112,,,,,,FALSE,FALSE,https://www.animalpolitico.com/elsabueso/video-de-aeropuerto-saturado-coronavirus/
1239889085914918912,,,,,,TRUE,FALSE,https://www.efe.com/efe/espana/efeverifica/no-es-obligatorio-llevar-un-justificante-para-ir-por-la-calle-pero-util/50001435-4200460
1239867452646817792,,,,,,TRUE,partially false,https://factcheck.afp.com/misinformation-circulates-online-australia-has-announced-nationwide-lockdown
1239840415165157376,,,,,,TRUE,FALSE,https://www.politifact.com/factchecks/2020/apr/01/facebook-posts/fabricated-quote-falsely-attributed-italian-prime-/
1239835569057705984,,,,,,TRUE,FALSE,https://factcheck.afp.com/indian-authorities-refute-fake-advisory-which-claimed-disinfectant-would-be-sprayed-across-india?check=2
1239804269949333504,,,,,,FALSE,FALSE,https://africacheck.org/fbcheck/no-who-not-offering-free-data-for-coronavirus-info/
1239723451050590208,,,,,,FALSE,FALSE,https://efectococuyo.com/cocuyo-chequea/helicoptero-no-desinfectante-covid19/
1239692870862483456,,,,,,TRUE,others,https://www.snopes.com/fact-check/red-cross-coronavirus-scams/?collection-id=238774
1239673154483752960,,,,,,FALSE,FALSE,https://factuel.afp.com/coronavirus-non-la-patinoire-de-mulhouse-na-pas-ete-transformee-en-morgue
1239655976074203136,,,,,,FALSE,others,https://www.snopes.com/news/2020/03/20/grocery-stores-special-hours/?collection-id=242229
1239620219376504832,,,,,,TRUE,partially false,https://www.snopes.com/fact-check/dean-koontz-predicted-coronavirus/?collection-id=243544
1239604975933755392,,,,,,TRUE,FALSE,https://www.politifact.com/factchecks/2020/mar/20/greg-murphy/no-sunlight-has-not-been-proven-kill-coronavirus/
1239595319232471040,,,,,,FALSE,FALSE,https://chequeado.com/el-explicador/no-no-es-el-dueno-de-swiss-medical-quien-hizo-recomendaciones-contra-el-coronavirus-en-audios-de-whatsapp/
1239588747907403776,,,,,,TRUE,FALSE,https://pesacheck.org/false-a-post-claiming-that-14-university-of-nairobi-students-are-infected-with-covid-19-is-a-hoax-7a0ddd3be2a8?source=rss----ab41f21aa9a9---4
1239529277655310336,,,,,,FALSE,FALSE,https://www.efe.com/efe/espana/efeverifica/el-seguro-de-automovil-no-dejara-cubrir-siniestros-bajo-estado-alarma/50001435-4197376
1239518627080146944,,,,,,FALSE,FALSE,https://www.efe.com/efe/espana/efeverifica/el-seguro-de-automovil-no-dejara-cubrir-siniestros-bajo-estado-alarma/50001435-4197376
1239513123180208128,,,,,,FALSE,FALSE,https://www.liberation.fr/checknews/2020/03/16/des-blindes-sont-ils-en-route-vers-paris-pour-faire-face-au-covid-19_1781935
1239506394493128704,,,,,,FALSE,FALSE,https://www.liberation.fr/checknews/2020/03/16/des-blindes-sont-ils-en-route-vers-paris-pour-faire-face-au-covid-19_1781935
1239481184695939072,,,,,,FALSE,FALSE,https://www.liberation.fr/checknews/2020/03/16/un-decret-prevoit-il-la-mobilisation-de-l-armee-pour-gerer-le-covid-19_1781871
1239480396594765824,,,,,,TRUE,FALSE,https://www.efe.com/efe/espana/efeverifica/egipto-no-ha-presentado-a-china-un-suero-que-cura-el-coronavirus/50001435-4199289
1239453207191072768,,,,,,TRUE,FALSE,https://teyit.org/saglik-bakanligi-gizli-ibaresiyle-dolasima-sokulan-metni-yayinlamadi/
1239396058544791552,,,,,,TRUE,FALSE,https://factcheck.afp.com/health-experts-warn-using-water-ablution-ritual-alone-cannot-kill-novel-coronavirus
1239393491165347840,,,,,,TRUE,FALSE,https://www.politifact.com/factchecks/2020/mar/16/blog-posting/clarifying-whats-accurate-and-not-claims-about-qua/
1239280325588660224,,,,,,FALSE,FALSE,https://jrnl.ie/5047311
1239275399235813376,,,,,,TRUE,FALSE,https://www.efe.com/efe/espana/efeverifica/helicopteros-no-fumigan-ciudades-espanolas-para-desinfectarlas-de-coronavirus/50001435-4197286
1239206143106449408,,,,,,FALSE,FALSE,https://pesacheck.org/false-a-post-claiming-that-14-university-of-nairobi-students-are-infected-with-covid-19-is-a-hoax-7a0ddd3be2a8?source=rss----ab41f21aa9a9---4
1239203755226214400,,,,,,FALSE,FALSE,https://teyit.org/amerikada-bir-orangutanin-yeni-koronavirus-tehlikesi-yuzunden-ellerini-yikamaya-basladigi-iddiasi/
1239191667003011072,,,,,,TRUE,FALSE,https://colombiacheck.com/chequeos/no-comerciante-de-el-hueco-no-esta-internado-en-hospital-de-medellin-con-sintomas-del
1239164134664687616,,,,,,TRUE,FALSE,https://www.liberation.fr/checknews/2020/03/16/cette-video-de-francais-qui-chantent-pookie-d-aya-nakamura-sur-des-balcons-est-elle-authentique_1781866
1239124226541596672,,,,,,TRUE,FALSE,https://www.istinomer.rs/izjava/svaki-gradjanin-juzne-koreje-placa-test-na-korona-virus/
1239112822908276736,,,,,,TRUE,FALSE,https://pagellapolitica.it/blog/show/646/il-video-che-mostra-la-propaganda-cinese-sullitalia-e-il-covid-19
1239104278809268224,,,,,,FALSE,FALSE,https://pagellapolitica.it/bufale/show/1001/la-bufala-su-cr7-e-gli-hotel-trasformati-in-ospedali
1238983080603537408,,,,,,TRUE,FALSE,https://cekfakta.tempo.co/fakta/674/fakta-atau-hoaks-benarkah-cristiano-ronaldo-ubah-hotelnya-jadi-rumah-sakit-untuk-corona
1238958912075948032,,,,,,FALSE,FALSE,https://www.efe.com/efe/espana/efeverifica/helicopteros-no-fumigan-ciudades-espanolas-para-desinfectarlas-de-coronavirus/50001435-4197286
1238904215759540224,,,,,,TRUE,FALSE,https://hoax-alert.leadstories.com/3471983-Fact-Check-Italy-IS-Considering-NOT-Treating-All-Elderly-With-Coronavirus.html
1238887743247265792,,,,,,TRUE,FALSE,https://www.animalpolitico.com/elsabueso/primer-ministro-de-italia-no-declaro-que-su-pais-perdio-la-batalla-contra-el-covid-19/?check=1
1238844904962428928,,,,,,TRUE,partially false,https://teyit.org/ibuprofenin-yeni-koronavirusun-yol-actigi-hastaligi-agirlastirdigi-iddiasi/?check=1
1238834815652237312,,,,,,TRUE,FALSE,https://colombiacheck.com/chequeos/no-comerciante-de-el-hueco-no-esta-internado-en-hospital-de-medellin-con-sintomas-del
1238799561415671808,,,,,,FALSE,FALSE,https://demagog.org.pl/analizy_i_raporty/czy-ibuprofen-szkodzi-osobom-z-koronawirusem/
1238782938344554496,,,,,,FALSE,FALSE,https://demagog.org.pl/analizy_i_raporty/czy-ibuprofen-szkodzi-osobom-z-koronawirusem/
1238776545398923264,,,,,,TRUE,FALSE,https://fatabyyano.net/%d8%a7%d9%84%d8%a5%d9%8a%d8%a8%d9%88%d8%a8%d8%b1%d9%88%d9%81%d9%8a%d9%86-%d9%8a%d8%b2%d9%8a%d8%af-%d9%85%d9%86-%d8%a7%d9%86%d8%aa%d8%b4%d8%a7%d8%b1-%d9%83%d9%88%d8%b1%d9%88%d9%86%d8%a7-%d9%88%d9%8a/
1238714741515849728,,,,,,TRUE,FALSE,https://pesacheck.org/hoax-this-post-with-a-situation-update-on-covid-19-in-kenya-is-fake-631676be899a?source=rss----ab41f21aa9a9---4
1238713566674509824,,,,,,FALSE,partially false,https://www.indiatoday.in/fact-check/story/fact-check-no-gargling-with-warm-salt-water-can-t-save-you-from-coronavirus-1656600-2020-03-17
1238542265301204992,,,,,,TRUE,FALSE,https://hoax-alert.leadstories.com/3471910-fact-check-New-York-City-is-NOT-set-to-undergo-citywide-quarantine.html#live
1238510521705476096,,,,,,FALSE,FALSE,https://www.liberation.fr/checknews/2020/03/16/cette-video-de-francais-qui-chantent-pookie-d-aya-nakamura-sur-des-balcons-est-elle-authentique_1781866
1238497632345096192,,,,,,TRUE,FALSE,https://factcheck.afp.com/hoax-report-circulates-cristiano-ronaldo-will-convert-his-hotels-coronavirus-hospitals
1238436348165599232,,,,,,TRUE,FALSE,https://www.newtral.es/el-video-manipulado-de-irene-montero-tosiendo-en-la-manifestacion-del-8-m/20200316/
1238404667731783680,,,,,,FALSE,FALSE,https://www.liberation.fr/checknews/2020/03/16/cette-video-de-francais-qui-chantent-pookie-d-aya-nakamura-sur-des-balcons-est-elle-authentique_1781866
1238403140707397632,,,,,,FALSE,partially false,https://faktabaari.fi/somessa-leviv-thl-ja-koronavirus-uutisissa-kooste-on-harhaanjohtava-ja-vahingoittavaa-tietoa/
1238373103673229312,,,,,,FALSE,FALSE,https://teyit.org/kuzey-korede-koronaviruse-kapan-iki-kisinin-idam-edildigi-iddiasi/
1238327187155156992,,,,,,TRUE,FALSE,https://www.indiatoday.in/fact-check/story/fact-check-coronavirus-hold-breath-1658725-2020-03-23
1238317660871393280,,,,,,TRUE,FALSE,https://factcheck.afp.com/video-has-been-doctored-it-does-not-feature-voice-chinese-businessman-jack-ma?check=3
1238292025817968640,,,,,,TRUE,FALSE,https://factcheck.ge/ka/story/38390-%E1%83%A0%E1%83%9D%E1%83%92%E1%83%9D%E1%83%A0-%E1%83%98%E1%83%A7%E1%83%94%E1%83%9C%E1%83%94%E1%83%91%E1%83%A1-%E1%83%99%E1%83%A0%E1%83%94%E1%83%9B%E1%83%9A%E1%83%98-%E1%83%99%E1%83%9D%E1%83%A0%E1%83%9D%E1%83%9C%E1%83%90%E1%83%95%E1%83%98%E1%83%A0%E1%83%A3%E1%83%A1%E1%83%A1-%E1%83%93%E1%83%94%E1%83%96%E1%83%98%E1%83%9C%E1%83%A4%E1%83%9D%E1%83%A0%E1%83%9B%E1%83%90%E1%83%AA%E1%83%98%E1%83%98%E1%83%A1-%E1%83%92%E1%83%90%E1%83%A1%E1%83%90%E1%83%95%E1%83%A0%E1%83%AA%E1%83%94%E1%83%9A%E1%83%94%E1%83%91%E1%83%9A%E1%83%90%E1%83%93?fbclid=IwAR3pSIFtgLvzjiXnyAzV6kIFMekwTmRLHL36Hbs3pwBFizxSKP6SBfAFxko
1238269193427906560,,,,,,TRUE,FALSE,https://faktograf.hr/2020/03/19/koronavirus-wuhan-vojne-igre-nature-kina-sad/
1238228404761178112,,,,,,TRUE,FALSE,https://hoax-alert.leadstories.com/3471910-fact-check-New-York-City-is-NOT-set-to-undergo-citywide-quarantine.html#live
1238221832177811456,,,,,,TRUE,FALSE,http://boliviaverifica.bo/evo-con-coronavirus/
1238215769445388288,,,,,,FALSE,FALSE,https://www.snopes.com/fact-check/costco-bath-tissue-recall/?collection-id=242229
1238188121197592576,,,,,,TRUE,FALSE,https://www.newtral.es/el-tuit-falso-sobre-pablo-echenique-y-el-coronavirus/20200313/
1238114622684585984,,,,,,TRUE,FALSE,https://www.liberation.fr/checknews/2020/03/22/pourquoi-la-chine-accuse-t-elle-les-etats-unis-d-avoir-importe-le-virus_1782638
1238112844283068416,,,,,,TRUE,partially false,https://www.politifact.com/factchecks/2020/mar/27/donald-trump/fact-checking-whether-biden-called-trump-xenophobi/
1238090327602446336,,,,,,FALSE,FALSE,https://tfc-taiwan.org.tw/articles/3405
1238082970122162176,,,,,,FALSE,FALSE,https://maldita.es/malditobulo/2020/03/12/el-pais-se-cancelan-todas-las-clases-cataluna-comunidad-valenciana-aragon-coronavirus/
1238070348677070848,,,,,,TRUE,FALSE,https://maldita.es/malditobulo/2020/03/10/pais-vasco-cancela-clases/
1238052608369217536,,,,,,TRUE,FALSE,https://www.efe.com/efe/espana/efeverifica/coronavirus-los-bulos-mas-virales-sobre-la-pandemia/50001435-4192486
1238042085212786688,,,,,,TRUE,FALSE,https://efectococuyo.com/cocuyo-chequea/italia-medicos-coronavirus/
1238039120548712448,,,,,,FALSE,FALSE,https://www.efe.com/efe/espana/efeverifica/coronavirus-los-bulos-mas-virales-sobre-la-pandemia/50001435-4192486
1237977533343125504,,,,,,TRUE,FALSE,https://faktograf.hr/2020/03/19/koronavirus-wuhan-vojne-igre-nature-kina-sad/
1237974799999062016,,,,,,TRUE,FALSE,https://www.liberation.fr/checknews/2020/03/22/pourquoi-la-chine-accuse-t-elle-les-etats-unis-d-avoir-importe-le-virus_1782638
1237952341216722944,,,,,,FALSE,FALSE,https://www.efe.com/efe/espana/efeverifica/el-audio-de-la-estudiante-china-vitamina-c-no-protege-frente-al-coronavirus/50001435-4194478
1237924116486688768,,,,,,TRUE,partially false,https://www.boomlive.in/fake-news/did-these-books-predict-the-coronavirus-outbreak
1237909897020207104,,,,,,TRUE,FALSE,https://www.politifact.com/factchecks/2020/mar/12/viral-image/no-tom-hanks-doesnt-have-wilson-volleyball-his-cor/
1237740815591649280,,,,,,FALSE,FALSE,https://www.efe.com/efe/espana/efeverifica/coronavirus-los-bulos-mas-virales-sobre-la-pandemia/50001435-4192486
1237733802295820288,,,,,,TRUE,FALSE,https://lasillavacia.com/detector-no-aun-no-hay-casos-confirmados-coronavirus-ibague-75809
1237725969580003328,,,,,,TRUE,FALSE,https://www.efe.com/efe/espana/efeverifica/coronavirus-los-bulos-mas-virales-sobre-la-pandemia/50001435-4192486
1237721991471382528,,,,,,TRUE,FALSE,https://factcheck.afp.com/smoking-could-increase-your-risk-developing-severe-coronavirus-illness-who-says
1237673353286205440,,,,,,FALSE,FALSE,https://vistinomer.mk/srpski-vesnik-prvo-pottiknal-panika-za-korona-virusot-pa-%d1%98a-spushtil-temperaturata/
1237656478808444928,,,,,,TRUE,FALSE,https://teyit.org/unicefin-yeni-koronavirusle-ilgili-yayinladigi-iddia-edilen-metin/
1237644914231574528,,,,,,FALSE,FALSE,https://teyit.org/yavuz-dizdardan-yeni-koronavirus-hakkinda-iddialar/
1237638597819285504,,,,,,TRUE,FALSE,https://factcheck.afp.com/health-experts-warn-using-water-ablution-ritual-alone-cannot-kill-novel-coronavirus
1237530812142088192,,,,,,FALSE,FALSE,https://www.rappler.com/newsbreak/fact-check/257864-photo-sarah-elago-attending-npa-anniversary
1237514116920561664,,,,,,FALSE,FALSE,https://pagellapolitica.it/blog/show/639/altre-bufale-orientali-sul-coronavirus-le-accuse-alla-cina-messe-in-bocca-a-gallera
1237490128110653440,,,,,,FALSE,FALSE,https://www.politifact.com/factchecks/2020/mar/11/tweets/no-daniel-radcliffe-does-not-have-coronavirus/
1237463090674966528,,,,,,TRUE,FALSE,https://www.snopes.com/fact-check/daniel-radcliffe-coronavirus/?collection-id=241219
1237429237436551168,,,,,,TRUE,FALSE,https://factnameh.com/fact-checks/2020-03-12-coronavirus-biological-weapon.html
1237421309270818816,,,,,,FALSE,FALSE,https://www.efe.com/efe/espana/efeverifica/coronavirus-los-bulos-mas-virales-sobre-la-pandemia/50001435-4192486
1237404374202269696,,,,,,FALSE,FALSE,https://hoax-alert.leadstories.com/3471877-fact-check-not-10000-deaths-in-virus-outbreak-in-michigan-washington-idaho-north-dakota-mississippi.html
1237392729446862848,,,,,,TRUE,FALSE,https://pagellapolitica.it/bufale/show/989/no-linps-non-pagher%C3%A0-ad-aprile-le-pensioni-il-50-in-meno-per-lemergenza-nuovo-coronavirus
1237377891400331264,,,,,,FALSE,FALSE,https://www.efe.com/efe/espana/efeverifica/coronavirus-los-bulos-mas-virales-sobre-la-pandemia/50001435-4192486
1237346794473959424,,,,,,TRUE,FALSE,https://maldita.es/malditobulo/2020/03/10/celaa-valerio-manifestacion-8m-guantes-morados-coronavirus/
1237291460812255232,,,,,,FALSE,FALSE,https://www.efe.com/efe/espana/efeverifica/coronavirus-los-bulos-mas-virales-sobre-la-pandemia/50001435-4192486
1237287772974612480,,,,,,TRUE,FALSE,https://www.liberation.fr/checknews/2020/03/13/des-centaines-de-familles-italiennes-sont-elles-parties-en-afrique-pour-fuir-le-covid-19_1781275
1237167118820360192,,,,,,TRUE,FALSE,https://factcheck.afp.com/smoking-could-increase-your-risk-developing-severe-coronavirus-illness-who-says
1237116479121887232,,,,,,TRUE,FALSE,https://hoax-alert.leadstories.com/3471983-Fact-Check-Italy-IS-Considering-NOT-Treating-All-Elderly-With-Coronavirus.html
1237084362023337984,,,,,,FALSE,partially false,https://medium.com/annie-lab/misleading-this-video-does-not-show-an-american-soldier-spreading-saliva-in-wuhan-a1ee9b7b816
1237072414841937920,,,,,,TRUE,FALSE,https://factnameh.com/fact-checks/2020-03-12-coronavirus-biological-weapon.html
1237049823062151168,,,,,,TRUE,FALSE,https://www.rappler.com/newsbreak/fact-check/253981-entire-family-pasig-infected-novel-coronavirus
1237034894771064832,,,,,,TRUE,FALSE,https://www.factcheck.org/2020/03/contrary-to-false-posts-sanitizer-helpful-against-coronavirus/
1237024326626525184,,,,,,FALSE,FALSE,https://maldita.es/malditobulo/2020/03/10/cristina-pedroche-coronavirus-teta/
1236704546841407488,,,,,,TRUE,partially false,https://pesacheck.org/partly-false-22-travellers-refused-to-undergo-quarantine-against-covid-19-in-uganda-956d3b18503b?source=rss----ab41f21aa9a9---4
1236696122955042816,,,,,,TRUE,FALSE,https://bit.ly/2vUAYwq
1236634209516752896,,,,,,TRUE,others,https://www.snopes.com/news/2020/03/20/grocery-stores-special-hours/?collection-id=242229
1236378253876547584,,,,,,FALSE,FALSE,https://www.politifact.com/factchecks/2020/mar/11/gae-magnafici/Wisconsin-more-died-hillary-clinton-coronavirus/
1236375979473461248,,,,,,FALSE,FALSE,https://www.politifact.com/factchecks/2020/mar/11/gae-magnafici/Wisconsin-more-died-hillary-clinton-coronavirus/
1236369807110529024,,,,,,TRUE,FALSE,https://www.lemonde.fr/les-decodeurs/article/2020/03/10/coronavirus-peut-on-vraiment-dire-que-le-covid-19-n-est-qu-un-gros-rhume-monte-en-epingle_6032483_4355770.html
1236324641397858304,,,,,,TRUE,FALSE,https://factcheck.afp.com/unicef-officials-refute-false-claim-agency-released-coronavirus-prevention-guidelines
1236302249682448384,,,,,,FALSE,FALSE,https://factuel.afp.com/ces-images-montrent-leffondrement-dun-hotel-en-chine-ou-des-patients-atteints-du-covid-19-etaient-en
1236285940819038208,,,,,,TRUE,FALSE,https://factcheck.afp.com/unicef-officials-refute-false-claim-agency-released-coronavirus-prevention-guidelines
1236054778318393344,,,,,,TRUE,partially false,https://www.snopes.com/fact-check/violent-aftermath-of-coronavirus/?collection-id=241855
1235945259370041344,,,,,,TRUE,FALSE,https://www.politifact.com/factchecks/2020/mar/06/viral-image/no-donald-trump-didnt-tweet-israel-has-coronavirus/
1235924866404147200,,,,,,TRUE,FALSE,https://teyit.org/farkli-illerden-oldugu-iddiasiyla-paylasilan-karantina-videosu/
1235867983672537088,,,,,,TRUE,FALSE,https://pesacheck.org/false-emirates-has-not-suspended-flights-to-johannesburg-due-to-coronavirus-1b9f5e9ea0d1
1235763334814633984,,,,,,FALSE,FALSE,https://www.rappler.com/newsbreak/fact-check/257864-photo-sarah-elago-attending-npa-anniversary
1235668330792378368,,,,,,TRUE,FALSE,https://lasillavacia.com/detector-no-minsalud-no-ha-enviado-ningun-correo-informando-sobre-coronavirus-75837
1235641456267800576,,,,,,TRUE,partially false,https://www.lemonde.fr/les-decodeurs/article/2020/03/13/pourquoi-il-est-trompeur-de-dire-qu-une-seconde-souche-du-coronavirus-tueur-se-propage_6032932_4355770.html
1235630408147951616,,,,,,TRUE,FALSE,https://pesacheck.org/false-emirates-has-not-suspended-flights-to-johannesburg-due-to-coronavirus-1b9f5e9ea0d1
1235624995281350656,,,,,,TRUE,FALSE,https://teyit.org/istanbul-umraniye-egitim-ve-arastirma-hastanesinde-covid-19-tespit-edildigi-iddiasi/
1235624572856266752,,,,,,TRUE,FALSE,https://bit.ly/2vUAYwq
1235616589237477376,,,,,,TRUE,TRUE,https://www.snopes.com/fact-check/us-tons-ppe-china/?collection-id=243572
1235531328935743488,,,,,,FALSE,partially false,https://www.snopes.com/fact-check/vegan-food-unsold/?collection-id=242229
1235516554235785216,,,,,,TRUE,FALSE,https://pesacheck.org/false-emirates-has-not-suspended-flights-to-johannesburg-due-to-coronavirus-1b9f5e9ea0d1
1235462250376253440,,,,,,TRUE,partially false,https://factcheck.afp.com/image-has-circulated-reports-about-china-testing-potential-covid-19-vaccine-has-not-been-approved?check=2
1235386412112818176,,,,,,TRUE,FALSE,https://factcheck.afp.com/unicef-officials-refute-false-claim-agency-released-coronavirus-prevention-guidelines
1235360453037101056,,,,,,TRUE,FALSE,https://chequeado.com/el-explicador/coronavirus-dos-desinformaciones-sobre-marcelo-tinelli-y-federico-bal-se-volvieron-virales/
1235323719050027008,,,,,,TRUE,FALSE,https://chequeado.com/el-explicador/coronavirus-dos-desinformaciones-sobre-marcelo-tinelli-y-federico-bal-se-volvieron-virales/
1235166295735193600,,,,,,FALSE,FALSE,https://www.boomlive.in/fake-news/fake-messages-claim-shaheen-bagh-protester-tested-positive-for-coronavirus-7140
1235079206683529216,,,,,,FALSE,FALSE,https://chequeado.com/el-explicador/coronavirus-dos-desinformaciones-sobre-marcelo-tinelli-y-federico-bal-se-volvieron-virales/
1234902210133270528,,,,,,FALSE,FALSE,https://www.factcheck.org/2020/03/social-posts-share-fake-schumer-tweet/
1234873653407440896,,,,,,TRUE,partially false,https://www.mm.dk/tjekdet/artikel/eu-bryder-ikke-coronaregler-for-gretas-skyld-som-venstrepolitiker-skriver
1234865227927375872,,,,,,FALSE,partially false,https://www.mm.dk/tjekdet/artikel/eu-bryder-ikke-coronaregler-for-gretas-skyld-som-venstrepolitiker-skriver
1234860117532774400,,,,,,TRUE,partially false,https://factcheck.afp.com/video-has-circulated-media-reports-about-coronavirus-deaths-iran
1234856304918663168,,,,,,TRUE,FALSE,https://www.politifact.com/factchecks/2020/mar/15/joe-biden/ad-watch-biden-video-twists-trumps-words-coronavir/
1234800840948535296,,,,,,TRUE,FALSE,https://www.efe.com/efe/espana/efeverifica/no-hay-sanitarios-que-vayan-a-inspeccionar-casas-ni-requisar-monedas-y-billetes/50001435-4198131
1234573571726422016,,,,,,FALSE,FALSE,https://www.politifact.com/factchecks/2020/mar/03/viral-image/no-brownsville-texas-hospital-isnt-treating-two-co/
1234534327498702848,,,,,,FALSE,partially false,https://www.politifact.com/factchecks/2020/mar/04/lou-dobbs/lou-dobbs-says-united-states-screening-fewer-peopl/
1234502562209878016,,,,,,TRUE,FALSE,https://www.factcheck.org/2020/03/article-falsely-reports-on-health-of-pope-francis/
1234461652776574976,,,,,,TRUE,FALSE,https://pesacheck.org/false-kenya-has-not-recorded-63-covid-19-cases-475c6a941155
1234453479193706496,,,,,,FALSE,partially false,https://www.snopes.com/fact-check/violent-aftermath-of-coronavirus/?collection-id=241855
1234063375342034944,,,,,,FALSE,FALSE,https://www.rappler.com/newsbreak/fact-check/257864-photo-sarah-elago-attending-npa-anniversary
1233799088593940480,,,,,,TRUE,partially false,https://factcheck.afp.com/video-has-circulated-reports-least-february-2020-weeks-incident-coronavirus-quarantine-facility
1233725785283932160,,,,,,TRUE,FALSE,https://www.factcheck.org/2020/03/cattle-vaccine-not-related-to-2019-novel-coronavirus/
1233695748740571136,,,,,,TRUE,FALSE,https://pesacheck.org/false-kenya-has-not-recorded-63-covid-19-cases-475c6a941155
1233555987149312000,,,,,,TRUE,partially false,https://www.snopes.com/fact-check/violent-aftermath-of-coronavirus/?collection-id=241855
1233516512830459904,,,,,,FALSE,partially false,https://www.snopes.com/fact-check/violent-aftermath-of-coronavirus/?collection-id=241855
1233505993197314048,,,,,,FALSE,FALSE,https://efectococuyo.com/cocuyo-chequea/coronavirus-te-medicinal/
1233454934626099200,,,,,,FALSE,FALSE,https://www.mm.dk/tjekdet/artikel/har-coronavirus-faaet-38-procent-af-amerikanerne-til-at-droppe-corona-oellen
1233406525491814400,,,,,,TRUE,FALSE,https://www.politifact.com/factchecks/2020/mar/02/facebook-posts/no-poll-does-not-say-38-americans-wont-drink-coron/
1233169609630588928,,,,,,FALSE,FALSE,https://www.efe.com/efe/espana/efeverifica/no-hay-puticlubs-en-cuarentena-por-el-coronavirus-es-un-articulo-humoristico/50001435-4184372
1233150003469787136,,,,,,FALSE,FALSE,https://www.politifact.com/factchecks/2020/mar/11/facebook-posts/no-connection-between-us-national-elections-and-in/
1233124814279319552,,,,,,FALSE,FALSE,https://hoax-alert.leadstories.com/3471990-Fact-Check-List-Comparing-Mortality-Rates-With-COVID-19-Is-not-Accurate.html
1233058192671813632,,,,,,TRUE,FALSE,https://pesacheck.org/false-kenya-has-not-recorded-63-covid-19-cases-475c6a941155
1232970346480963584,,,,,,FALSE,FALSE,https://www.efe.com/efe/espana/efeverifica/no-hay-puticlubs-en-cuarentena-por-el-coronavirus-es-un-articulo-humoristico/50001435-4184372
1232770743479545856,,,,,,TRUE,FALSE,https://chequeado.com/verificacionfb/es-falso-que-las-dietas-alcalinas-sean-efectivas-contra-el-coronavirus/
1232723863211069440,,,,,,TRUE,FALSE,https://factuel.afp.com/coronavirus-attention-cette-video-qui-entend-denoncer-un-scandale-detat-contient-11-affirmations
1232650468565843968,,,,,,FALSE,FALSE,https://efectococuyo.com/cocuyo-chequea/lejia-cloro-datos-coronavirus/
1232650339851153408,,,,,,FALSE,FALSE,https://efectococuyo.com/cocuyo-chequea/lejia-cloro-datos-coronavirus/
1232541666130698240,,,,,,TRUE,FALSE,https://factnameh.com/fact-checks/2020-02-29-tintin-in-wuhan.html
1232492821501771776,,,,,,TRUE,others,https://www.snopes.com/news/2020/03/20/grocery-stores-special-hours/?collection-id=242229
1232431958124138496,,,,,,TRUE,FALSE,https://www.animalpolitico.com/elsabueso/video-paciente-coronavirus-perseguido-no-mexico/
1232379980996325376,,,,,,TRUE,FALSE,https://www.politifact.com/factchecks/2020/mar/12/joy-behar/view-co-host-wrongly-says-trump-shut-down-37-globa/
1232352315836960768,,,,,,TRUE,FALSE,https://colombiacheck.com/chequeos/no-hay-multitud-en-bogota-esperando-avion-de-wuhan
1232336176175960064,,,,,,FALSE,others,https://www.snopes.com/fact-check/pat-robertson-oral-sex-coronavirus/?collection-id=244110
1232259098781114368,,,,,,TRUE,FALSE,https://teyit.org/23-subat-itibariyle-turkiyede-covid-19-vakasi-yok/
1232244153670676480,,,,,,TRUE,others,https://www.newtral.es/la-propuesta-de-cerrar-fronteras-para-frenar-contagios-preguntas-y-respuestas/20200305/
1232129234489008128,,,,,,FALSE,FALSE,https://www.factcheck.org/2020/03/social-posts-share-fake-schumer-tweet/
1232051346796371968,,,,,,TRUE,others,https://www.snopes.com/news/2020/03/20/grocery-stores-special-hours/?collection-id=242229
1231912919216132096,,,,,,FALSE,FALSE,https://www.francetvinfo.fr/sante/maladie/coronavirus/covid-19-la-fermeture-des-frontieres-est-elle-une-mesure-efficace-pour-lutter-contre-l-epidemie_3840565.html
1231844753009827840,,,,,,FALSE,FALSE,https://www.boomlive.in/fake-news/coronavirus-mock-drill-by-chinese-police-viral-as-real-6997?infinitescroll=1
1231830736472334336,,,,,,FALSE,FALSE,https://factnameh.com/fact-checks/2020-03-11-religious-sites-coronavirus.html
1231580495722483712,,,,,,FALSE,FALSE,https://www.boomlive.in/fake-news/coronavirus-mock-drill-by-chinese-police-viral-as-real-6997?infinitescroll=1
1231513714366414848,,,,,,FALSE,FALSE,https://www.boomlive.in/fake-news/coronavirus-mock-drill-by-chinese-police-viral-as-real-6997?infinitescroll=1
1231439081231355904,,,,,,FALSE,FALSE,https://medium.com/annie-lab/false-this-video-does-not-show-an-anti-china-rally-in-italy-fde2aba3c188
1231378870080696320,,,,,,FALSE,FALSE,https://medium.com/annie-lab/false-this-video-does-not-show-an-anti-china-rally-in-italy-fde2aba3c188
1231295023033069568,,,,,,FALSE,FALSE,https://www.politifact.com/factchecks/2020/apr/14/viral-image/isnt-video-gay-party-italy-just-pandemic/
1231042854014730240,,,,,,FALSE,FALSE,https://efectococuyo.com/cocuyo-chequea/no-hay-paciente-coronavirus-hospital-maracay/
1230920501452779520,,,,,,FALSE,FALSE,https://efectococuyo.com/cocuyo-chequea/no-hay-paciente-coronavirus-hospital-maracay/
1230905118675161088,,,,,,FALSE,FALSE,https://efectococuyo.com/cocuyo-chequea/no-hay-paciente-coronavirus-hospital-maracay/
1230747152919359488,,,,,,FALSE,FALSE,https://infact.press/2020/02/post-5018/
1230554753182003200,,,,,,FALSE,partially false,https://www.snopes.com/fact-check/coronavirus-graph-spreading-faster/?collection-id=241855
1230536125275467776,,,,,,TRUE,FALSE,https://factcheck.afp.com/indian-health-authority-refutes-hoax-report-coronavirus-case-uttar-pradesh-district
1230420228527534080,,,,,,FALSE,FALSE,https://factnameh.com/fact-checks/2020-03-11-religious-sites-coronavirus.html
1230415395330383872,,,,,,FALSE,FALSE,https://factnameh.com/fact-checks/2020-03-12-coronavirus-biological-weapon.html
1230261370588889088,,,,,,FALSE,FALSE,https://factnameh.com/fact-checks/2020-03-11-religious-sites-coronavirus.html
1229961935602450432,,,,,,FALSE,FALSE,https://tfc-taiwan.org.tw/articles/3658
1229783750042624000,,,,,,FALSE,partially false,https://www.snopes.com/fact-check/violent-aftermath-of-coronavirus/?collection-id=241855
1229644945373515776,,,,,,TRUE,FALSE,https://pesacheck.org/false-there-are-no-confirmed-cases-of-novel-coronavirus-in-zanzibar-2c8e23a6a02e
1228896027987660800,,,,,,FALSE,partially false,https://www.snopes.com/fact-check/dean-koontz-predicted-coronavirus/?collection-id=243544
1228113525245018112,,,,,,FALSE,FALSE,https://animal.mx/2020/04/cupones-walmart-no-regala-alimentos-contingencia/
1228019269234872320,,,,,,TRUE,partially false,https://www.snopes.com/fact-check/violent-aftermath-of-coronavirus/?collection-id=241855
1227792415676780544,,,,,,FALSE,partially false,https://www.snopes.com/fact-check/violent-aftermath-of-coronavirus/?collection-id=241855
1227767682482622464,,,,,,TRUE,FALSE,https://www.liberation.fr/checknews/2020/02/19/coronavirus-non-cette-video-ne-montre-pas-des-cadavres-dans-les-rues-de-wuhan_1778790
1227587755435274240,,,,,,TRUE,partially false,https://lasillavacia.com/detector-caso-coronavirus-ibague-no-virus-china-75477
1227430243448885248,,,,,,FALSE,partially false,https://lasillavacia.com/detector-caso-coronavirus-ibague-no-virus-china-75477
1227395842925113344,,,,,,FALSE,partially false,https://www.snopes.com/fact-check/violent-aftermath-of-coronavirus/?collection-id=241855
1227248333871173632,,,,,,TRUE,FALSE,https://factcheck.afp.com/world-health-organization-says-covid-19-means-coronavirus-disease-2019-not-china-outbreak-virus
1227164033633009664,,,,,,TRUE,partially false,https://factcheck.afp.com/map-shows-flight-paths-worldwide-it-does-not-show-movement-wuhan-residents
1227100619258728448,,,,,,FALSE,FALSE,https://www.newschecker.in/article/news-detail/275_15615449
1227060878333370368,,,,,,FALSE,partially false,http://u.afp.com/notWuhancrows
1226961729948487680,,,,,,TRUE,partially false,https://medium.com/annie-lab/misleading-this-map-does-not-show-5-million-wuhan-residents-flying-out-before-the-lockdown-1e7a4ed8d9cd
1226704873942470656,,,,,,TRUE,others,https://www.snopes.com/news/2020/02/18/coronavirus-china-disinfection-video/?collection-id=241855
1226432925362741248,,,,,,TRUE,FALSE,https://maldita.es/malditobulo/no-un-vecino-de-noia-no-ha-sido-contagiado-por-el-coronavirus-a-fecha-de-3-de-febrero-no-es-un-contenido-real-de-la-voz-de-galicia-y-en-espana-por-el-momento-solo-se-ha-detectado-un-caso-de/?_thumbnail_id=76946
1226280434608160768,,,,,,TRUE,FALSE,https://www.buzzfeed.com/jp/kotahatachi/unknown-cause-china-10
1225847292541968384,,,,,,TRUE,FALSE,https://piaui.folha.uol.com.br/lupa/2020/03/13/verificamos-cuba-vacina-novo-coronavirus/
1225728756456808448,,,,,,TRUE,others,https://www.snopes.com/news/2020/03/20/grocery-stores-special-hours/?collection-id=242229
1225583739964678144,,,,,,TRUE,partially false,http://u.afp.com/kenyaaidplane
1225230332187815936,,,,,,FALSE,FALSE,https://piaui.folha.uol.com.br/lupa/2020/03/13/verificamos-cuba-vacina-novo-coronavirus/
1225186371729530880,,,,,,TRUE,FALSE,https://www.factcheck.org/2020/03/social-posts-share-fake-schumer-tweet/
1225176907873996800,,,,,,TRUE,FALSE,https://www.factcheck.org/2020/03/social-posts-share-fake-schumer-tweet/
1225104327582326784,,,,,,TRUE,FALSE,https://www.factcheck.org/2020/03/social-posts-share-fake-schumer-tweet/
1225023380904009728,,,,,,FALSE,FALSE,https://www.boomlive.in/fake-news/old-photos-of-xi-jinpings-mosque-visit-falsely-linked-to-coronavirus-6803
1224795417428332544,,,,,,FALSE,FALSE,https://hoax-alert.leadstories.com/3471599-fake-news-video-from-china-does-not-show-people-trying-to-escape-coronavirus-quarantine.html
1224794389282787328,,,,,,TRUE,others,https://factnameh.com/articles/2020-02-01-coronavirus-faq.html
1224773517704679424,,,,,,FALSE,TRUE,https://www.snopes.com/fact-check/us-tons-ppe-china/?collection-id=243572
1224404183157067776,,,,,,FALSE,FALSE,https://efectococuyo.com/cocuyo-chequea/no-reportado-coronavirus-monagas-guajira/
1224213273014198272,,,,,,FALSE,FALSE,https://www.liberation.fr/checknews/2020/02/04/cette-video-de-porcs-enterres-vivants-est-elle-liee-au-coronavirus_1777160
1224016475427655680,,,,,,TRUE,FALSE,https://hoax-alert.leadstories.com/3471615-Fake-News-Vitamin-C-Does-NOT-Slow-Or-Stop-Coronavirus.html
1224000504843264000,,,,,,FALSE,partially false,https://www.liberation.fr/checknews/2020/02/07/l-entreprise-chinoise-tencent-a-t-elle-revele-par-accident-les-vrais-chiffres-du-coronavirus_1777479
1223990127917256704,,,,,,FALSE,FALSE,https://www.boomlive.in/fake-news/bat-infestation-video-from-florida-falsely-shared-as-coronavirus-source-found-6747
1223780172937277440,,,,,,TRUE,FALSE,https://verafiles.org/articles/vera-files-fact-check-duterte-did-not-open-pgh-wuhan-covid-1
1223727977361338368,,,,,,FALSE,partially false,https://www.politifact.com/factchecks/2020/mar/27/donald-trump/fact-checking-whether-biden-called-trump-xenophobi/
1223666856923291648,,,,,,TRUE,FALSE,https://healthfeedback.org/claimreview/no-hiv-insertions-were-not-identified-in-the-2019-coronavirus-contrary-to-claims-based-on-questionable-bioinformatics-study/
1223602023049752576,,,,,,FALSE,FALSE,https://verafiles.org/articles/vera-files-fact-check-video-chinese-police-shooting-25k-covi
1223601787325710336,,,,,,FALSE,FALSE,https://verafiles.org/articles/vera-files-fact-check-video-chinese-police-shooting-25k-covi
1223344537772290048,,,,,,FALSE,FALSE,https://healthfeedback.org/claimreview/no-hiv-insertions-were-not-identified-in-the-2019-coronavirus-contrary-to-claims-based-on-questionable-bioinformatics-study/
1223343688400527360,,,,,,FALSE,partially false,https://www.sciencepresse.qc.ca/actualite/detecteur-rumeurs/2020/02/07/coronavirus-toutes-etudes-ne-egales
1223337991168380928,,,,,,TRUE,FALSE,https://healthfeedback.org/claimreview/no-hiv-insertions-were-not-identified-in-the-2019-coronavirus-contrary-to-claims-based-on-questionable-bioinformatics-study/
1223324053454254080,,,,,,FALSE,FALSE,https://healthfeedback.org/claimreview/2019-novel-coronavirus-2019-ncov-does-not-contain-pshuttle-sn-sequence-no-evidence-that-virus-is-man-made/
1223297613769904128,,,,,,TRUE,FALSE,https://efectococuyo.com/cocuyo-chequea/no-reportado-coronavirus-monagas-guajira/
1223198183020429312,,,,,,TRUE,FALSE,https://teyit.org/istanbul-capa-tip-fakultesinde-koronavirus-tanisiyla-bir-kisinin-karantinaya-alindigi-iddiasi/
1223188967950114816,,,,,,FALSE,FALSE,https://teyit.org/istanbul-capa-tip-fakultesinde-koronavirus-tanisiyla-bir-kisinin-karantinaya-alindigi-iddiasi/
1223082948435431424,,,,,,FALSE,FALSE,https://lasillavacia.com/detector-no-esta-no-foto-muerto-italia-covid-19-76017
1222961971143815168,,,,,,TRUE,others,https://factnameh.com/articles/2020-02-01-coronavirus-faq.html
1222903869639778304,,,,,,FALSE,FALSE,https://www.snopes.com/fact-check/simpsons-predict-coronavirus/?collection-id=241219
1222784352553259008,,,,,,FALSE,FALSE,https://verafiles.org/articles/vera-files-fact-check-video-chinese-police-shooting-25k-covi
1222774654596734976,,,,,,TRUE,FALSE,https://www.boomlive.in/fake-news/cropped-aaj-tak-video-used-to-spread-misinformation-on-coronavirus-7164?infinitescroll=1
1222765942096027648,,,,,,FALSE,FALSE,https://factnameh.com/fact-checks/2020-02-27-coronavirus-spray.html
1222672594681221120,,,,,,TRUE,FALSE,https://infact.press/2020/02/post-4719/
1222544659286806528,,,,,,FALSE,partially false,https://pagellapolitica.it/blog/show/599/non-c%C3%A8-nessun-legame-tra-gli-sbarchi-di-migranti-e-il-coronavirus-cinese
1222505592595480576,,,,,,TRUE,FALSE,https://www.politifact.com/factchecks/2020/mar/25/chain-message/audio-shared-facebook-messenger-spreads-false-info/
1222472872225992704,,,,,,FALSE,FALSE,https://www.francetvinfo.fr/sante/maladie/coronavirus/coronavirus-2019-ncov-on-a-passe-au-microscope-les-rumeurs-qui-se-sont-propagees-sur-les-reseaux-sociaux_3804367.html
1222471896723099648,,,,,,TRUE,FALSE,https://piaui.folha.uol.com.br/lupa/2020/01/29/verificamos-resident-evil/
1222375783177412608,,,,,,TRUE,FALSE,https://www.washingtonpost.com/politics/2020/04/13/how-false-hope-spread-about-hydroxychloroquine-its-consequences/
1222176120889458688,,,,,,FALSE,FALSE,https://infact.press/2020/01/post-4688/
1222144722518470656,,,,,,FALSE,FALSE,http://newsmobile.in/articles/2020/01/31/this-viral-video-of-a-meat-market-is-not-from-wuhan-heres-the-fact-check/
1222077153619013632,,,,,,TRUE,FALSE,http://newsmobile.in/articles/2020/01/30/fact-check-the-girl-in-the-viral-video-did-not-die-because-of-coronavirus/
1222031361852100608,,,,,,TRUE,FALSE,https://www.rappler.com/newsbreak/fact-check/250317-chinese-patient-alabang-clinic-hospital-tested-positive-for-coronavirus
1221852444453408768,,,,,,FALSE,FALSE,https://www.factcheck.org/2020/01/new-coronavirus-wasnt-predicted-in-simulation/
1221791160521363456,,,,,,TRUE,partially false,https://www.politifact.com/factchecks/2020/feb/03/facebook-posts/these-plushies-do-not-commemorate-2019-novel-coron/
1221768255330603008,,,,,,TRUE,FALSE,https://piaui.folha.uol.com.br/lupa/2020/01/27/verificamos-coronavirus-infectou-28-milhoes-matou-112-mil-china/?check=1
1221614243402792960,,,,,,TRUE,FALSE,https://factcheck.afp.com/china-coronavirus-australia-refutes-claims-travel-warning-was-issued-queensland-suburbs
1221327847425335296,,,,,,FALSE,FALSE,https://verafiles.org/articles/vera-files-fact-check-video-chinese-police-shooting-25k-covi
1221073078072958976,,,,,,FALSE,partially false,https://infact.press/2020/01/post-4684/
1221069008054579200,,,,,,FALSE,partially false,https://infact.press/2020/01/post-4684/
1220891789177106432,,,,,,TRUE,FALSE,https://www.lemonde.fr/les-decodeurs/article/2020/02/06/coronavirus-la-fondation-gates-a-t-elle-organise-une-simulation-de-l-epidemie-a-la-fin-de-2019_6028667_4355770.html
1220794609120444416,,,,,,TRUE,others,https://www.factcheck.org/2020/01/qa-on-the-wuhan-coronavirus/
1220672361512480768,,,,,,FALSE,FALSE,https://hoax-alert.leadstories.com/3471541-fake-news-high-level-exercise-conducted-3-months-ago-did-not-show-that-a-coronavirus-pandemic-could-kill-65-million-people.html
1220504916583682048,,,,,,TRUE,FALSE,https://aosfatos.org/noticias/o-que-se-sabe-sobre-epidemia-do-novo-coronavirus/
1220374770308374528,,,,,,TRUE,FALSE,https://www.francetvinfo.fr/sante/maladie/coronavirus/coronavirus-2019-ncov-on-a-passe-au-microscope-les-rumeurs-qui-se-sont-propagees-sur-les-reseaux-sociaux_3804367.html
1220354010600869888,,,,,,TRUE,FALSE,https://efectococuyo.com/cocuyo-chequea/coronavirus-no-llegado-venezuela/
1220072211102433280,,,,,,FALSE,FALSE,https://ici.radio-canada.ca/nouvelle/1674251/coronavirus-covid-nostradamus-prediction-faux
1219795721286586368,,,,,,FALSE,others,https://www.factcheck.org/2020/01/social-media-posts-spread-bogus-coronavirus-conspiracy-theory?check=2
1219478544041930752,,,,,,TRUE,partially false,https://www.washingtonpost.com/politics/2020/04/17/trumps-false-claim-that-who-said-coronavirus-was-not-communicable/
1219029418800226304,,,,,,TRUE,partially false,https://www.washingtonpost.com/politics/2020/04/17/trumps-false-claim-that-who-said-coronavirus-was-not-communicable/
1218741297814466560,,,,,,TRUE,FALSE,https://efectococuyo.com/cocuyo-chequea/transmision-aerea-falsa/
1217043229427761152,,,,,,TRUE,partially false,https://www.washingtonpost.com/politics/2020/04/17/trumps-false-claim-that-who-said-coronavirus-was-not-communicable/
1209402080273809408,,,,,,FALSE,FALSE,https://maldita.es/malditobulo/2020/03/29/nube-de-maria-video-coronavirus-prediccion/
1207528337180020736,,,,,,FALSE,FALSE,https://hoax-alert.leadstories.com/3471599-fake-news-video-from-china-does-not-show-people-trying-to-escape-coronavirus-quarantine.html
1206404759575506944,,,,,,FALSE,FALSE,https://www.animalpolitico.com/elsabueso/video-de-aeropuerto-saturado-coronavirus/
1200463040224718848,,,,,,TRUE,FALSE,https://factcheck.afp.com/video-has-circulated-online-november-2019-weeks-covid-19-outbreak
1200150134203568128,,,,,,TRUE,FALSE,https://aosfatos.org/noticias/foto-e-video-de-doria-em-aracatuba-sao-anteriores-pandemia-de-covid-19/
1184483676924436480,,,,,,TRUE,partially false,https://www.politifact.com/factchecks/2020/feb/03/facebook-posts/these-plushies-do-not-commemorate-2019-novel-coron/
1175803953205907456,,,,,,FALSE,FALSE,https://teyit.org/kayseri-belediyesinin-coffin-dance-ekibinin-fotografiyla-evdekal-cagrisi-yaptigi-iddiasi/
1172789409478922240,,,,,,FALSE,FALSE,https://factcheck.afp.com/video-has-circulated-reports-about-indian-activist-trupti-desais-arrest-september-2019?fbclid=IwAR3zKVAJedGrbILlyKWvbIGXmJjnD_DACHAMdkkMFt2h4W32i31I10DWfik
1159652159798964224,,,,,,TRUE,FALSE,https://factcheck.afp.com/video-has-circulated-reports-about-people-who-died-during-hajj-pilgrim-saudi-arabias-grand-mosque
1154784135447220224,,,,,,FALSE,FALSE,https://www.malayalam.factcrescendo.com/35-yo-image-shared-with-misleading-context-related-to-corona-virus/
1136880433260457984,,,,,,FALSE,FALSE,https://tfc-taiwan.org.tw/articles/2681
1117789925527773184,,,,,,TRUE,FALSE,https://www.politifact.com/factchecks/2020/apr/09/facebook-posts/photos-show-money-streets-venezuela-2019-not-italy/
1114476524663705600,,,,,,FALSE,FALSE,https://chequeado.com/verificacionfb/es-falso-que-en-italia-lanzaron-billetes-a-la-calle-para-demostrar-que-la-salud-no-se-compra-con-dinero/
1105668048416108544,,,,,,FALSE,FALSE,https://africacheck.org/fbcheck/italians-throwing-away-cash-in-coronavirus-crisis-no-photos-of-old-venezuelan-currency-dumped-by-robbers/
1105422618621067264,,,,,,TRUE,FALSE,https://chequeado.com/verificacionfb/es-falso-que-en-italia-lanzaron-billetes-a-la-calle-para-demostrar-que-la-salud-no-se-compra-con-dinero/
1105393223462207488,,,,,,FALSE,FALSE,https://www.rappler.com/newsbreak/fact-check/256664-photos-thrown-money-italy
1105289297396146176,,,,,,TRUE,FALSE,https://chequeado.com/verificacionfb/es-falso-que-en-italia-lanzaron-billetes-a-la-calle-para-demostrar-que-la-salud-no-se-compra-con-dinero/
1105282184414416896,,,,,,FALSE,FALSE,https://africacheck.org/fbcheck/italians-throwing-away-cash-in-coronavirus-crisis-no-photos-of-old-venezuelan-currency-dumped-by-robbers/
1075785713914929152,,,,,,TRUE,FALSE,https://www.francetvinfo.fr/sante/maladie/coronavirus/coronavirus-non-jean-michel-blanquer-n-a-pas-repousse-les-vacances-d-ete-a-cause-de-la-pandemie_3876945.html
1036991866124861440,,,,,,TRUE,FALSE,https://www.snopes.com/fact-check/secret-terrius-predict-covid19/?collection-id=241219
997447899465297920,,,,,,FALSE,FALSE,https://factcheck.afp.com/hoax-report-circulates-cristiano-ronaldo-will-convert-his-hotels-coronavirus-hospitals
962814691415347200,,,,,,FALSE,FALSE,https://www.politifact.com/factchecks/2020/apr/14/viral-image/isnt-video-gay-party-italy-just-pandemic/
951117592843956224,,,,,,TRUE,partially false,https://factcheck.afp.com/these-photos-have-circulated-online-2015-and-show-empty-shelves-us-supermarkets
900685413416751104,,,,,,TRUE,FALSE,https://factcheck.afp.com/photo-has-circulated-reports-2017-about-rodrigo-duterte-visiting-marawi
900683060915523584,,,,,,TRUE,FALSE,https://factcheck.afp.com/photo-has-circulated-reports-2017-about-rodrigo-duterte-visiting-marawi
899910766064750592,,,,,,TRUE,FALSE,https://www.efe.com/efe/espana/efeverifica/el-bulo-que-llega-de-latinoamerica-no-estado-alarma-permite-intervenir-las-conversaciones-telefonicas/50001435-4204897
756423629563461632,,,,,,TRUE,FALSE,https://www.newschecker.in/article/news-detail/275_14732471
719965429175820288,,,,,,TRUE,FALSE,https://tfc-taiwan.org.tw/articles/3359
580828044027424768,,,,,,FALSE,FALSE,https://efectococuyo.com/cocuyo-chequea/ruby-demestoy-datoscoronavirus/
513491003462795264,,,,,,FALSE,partially false,https://www.rappler.com/newsbreak/fact-check/254265-photos-chinese-eating-wild-animals
481020774195552256,,,,,,TRUE,FALSE,https://aajtak.intoday.in/story/fact-check-coronavirus-lockdown-bollywood-actor-aamir-khan-donate-250-crore-rupees-fake-news-1-1175639.html
398887965302091776,,,,,,TRUE,unproven,https://www.snopes.com/fact-check/trump-say-never-blame-yourself/?collection-id=242252